enter_time_str,count
2025-04-01 00:44:47.695,1
2025-04-01 00:44:47.811,14
2025-04-01 00:44:48.064,18
2025-04-01 00:44:48.140,14
2025-04-01 00:44:48.186,8
2025-04-01 00:44:48.220,5
2025-04-01 00:44:48.245,2
2025-04-01 00:44:48.260,1
2025-04-01 00:44:48.274,2
2025-04-01 00:44:48.286,1
2025-04-01 00:44:48.298,1
2025-04-01 00:44:48.312,2
2025-04-01 00:44:48.334,1
2025-04-01 00:44:48.352,1
2025-04-01 00:44:48.370,4
2025-04-01 00:44:48.402,3
2025-04-01 00:44:48.433,3
2025-04-01 00:44:48.464,4
2025-04-01 00:44:48.489,2
2025-04-01 00:44:48.510,2
2025-04-01 00:44:48.525,2
2025-04-01 00:44:48.539,1
2025-04-01 00:44:48.556,2
2025-04-01 00:44:48.580,2
2025-04-01 00:44:48.603,3
2025-04-01 00:44:48.632,3
2025-04-01 00:44:48.651,1
2025-04-01 00:44:48.670,3
2025-04-01 00:44:48.699,2
2025-04-01 00:44:48.719,2
2025-04-01 00:44:48.734,1
2025-04-01 00:44:48.748,2
2025-04-01 00:44:48.762,2
2025-04-01 00:44:48.778,2
2025-04-01 00:44:48.802,1
2025-04-01 00:44:48.825,3
2025-04-01 00:44:48.848,3
2025-04-01 00:44:48.869,2
2025-04-01 00:44:48.896,3
2025-04-01 00:44:48.912,1
2025-04-01 00:44:48.926,2
2025-04-01 00:44:48.941,2
2025-04-01 00:44:48.964,1
2025-04-01 00:44:48.983,3
2025-04-01 00:44:49.013,3
2025-04-01 00:44:49.035,2
2025-04-01 00:44:49.053,2
2025-04-01 00:44:49.077,3
2025-04-01 00:44:49.095,1
2025-04-01 00:44:49.116,2
2025-04-01 00:44:49.134,2
2025-04-01 00:44:49.150,2
2025-04-01 00:44:49.166,2
2025-04-01 00:44:49.184,1
2025-04-01 00:44:49.206,3
2025-04-01 00:44:49.224,1
2025-04-01 00:44:49.240,2
2025-04-01 00:44:49.252,1
2025-04-01 00:44:49.267,2
2025-04-01 00:44:49.288,2
2025-04-01 00:44:49.302,1
2025-04-01 00:44:49.317,1
2025-04-01 00:44:49.335,3
2025-04-01 00:44:49.364,2
2025-04-01 00:44:49.381,2
2025-04-01 00:44:49.397,2
2025-04-01 00:44:49.411,1
2025-04-01 00:44:49.425,2
2025-04-01 00:44:49.439,1
2025-04-01 00:44:49.459,2
2025-04-01 00:44:49.474,1
2025-04-01 00:44:49.490,2
2025-04-01 00:44:49.510,2
2025-04-01 00:44:49.523,1
2025-04-01 00:44:49.540,2
2025-04-01 00:44:49.554,2
2025-04-01 00:44:49.569,1
2025-04-01 00:44:49.585,2
2025-04-01 00:44:49.597,1
2025-04-01 00:44:49.613,1
2025-04-01 00:44:49.629,2
2025-04-01 00:44:49.647,2
2025-04-01 00:44:49.670,3
2025-04-01 00:44:49.697,2
2025-04-01 00:44:49.720,2
2025-04-01 00:44:49.737,2
2025-04-01 00:44:49.752,2
2025-04-01 00:44:49.770,2
2025-04-01 00:44:49.786,1
2025-04-01 00:44:49.803,2
2025-04-01 00:44:49.820,1
2025-04-01 00:44:49.836,2
2025-04-01 00:44:49.855,2
2025-04-01 00:44:49.878,3
2025-04-01 00:44:49.897,2
2025-04-01 00:44:49.916,2
2025-04-01 00:44:49.936,1
2025-04-01 00:44:49.950,2
2025-04-01 00:44:49.965,2
2025-04-01 00:44:49.978,1
2025-04-01 00:44:49.993,2
2025-04-01 00:44:50.008,1
2025-04-01 00:44:50.025,2
2025-04-01 00:44:50.039,1
2025-04-01 00:44:50.052,1
2025-04-01 00:44:50.065,2
2025-04-01 00:44:50.078,1
2025-04-01 00:44:50.092,2
2025-04-01 00:44:50.110,1
2025-04-01 00:44:50.126,2
2025-04-01 00:44:50.140,1
2025-04-01 00:44:50.156,2
2025-04-01 00:44:50.175,2
2025-04-01 00:44:50.199,3
2025-04-01 00:44:50.220,2
2025-04-01 00:44:50.239,2
2025-04-01 00:44:50.260,2
2025-04-01 00:44:50.276,2
2025-04-01 00:44:50.298,2
2025-04-01 00:44:50.315,1
2025-04-01 00:44:50.335,3
2025-04-01 00:44:50.349,1
2025-04-01 00:44:50.366,2
2025-04-01 00:44:50.382,1
2025-04-01 00:44:50.400,2
2025-04-01 00:44:50.420,3
2025-04-01 00:44:50.440,2
2025-04-01 00:44:50.460,2
2025-04-01 00:44:50.475,1
2025-04-01 00:44:50.493,1
2025-04-01 00:44:50.510,2
2025-04-01 00:44:50.537,3
2025-04-01 00:44:50.561,3
2025-04-01 00:44:50.583,2
2025-04-01 00:44:50.606,3
2025-04-01 00:44:50.636,3
2025-04-01 00:44:50.666,3
2025-04-01 00:44:50.692,2
2025-04-01 00:44:50.721,3
2025-04-01 00:44:50.740,3
2025-04-01 00:44:50.754,1
2025-04-01 00:44:50.772,2
2025-04-01 00:44:50.787,1
2025-04-01 00:44:50.806,2
2025-04-01 00:44:50.825,2
2025-04-01 00:44:50.840,2
2025-04-01 00:44:50.854,1
2025-04-01 00:44:51.097,1
2025-04-01 00:44:51.124,3
2025-04-01 00:44:51.156,3
2025-04-01 00:44:51.184,3
2025-04-01 00:44:51.215,3
2025-04-01 00:44:51.246,4
2025-04-01 00:44:51.283,3
2025-04-01 00:44:51.312,3
2025-04-01 00:44:51.331,2
2025-04-01 00:44:51.357,3
2025-04-01 00:44:51.382,3
2025-04-01 00:44:51.406,2
2025-04-01 00:44:51.434,3
2025-04-01 00:44:51.453,2
2025-04-01 00:44:51.470,2
2025-04-01 00:44:51.490,1
2025-04-01 00:44:51.512,3
2025-04-01 00:44:51.531,1
2025-04-01 00:44:51.551,3
2025-04-01 00:44:51.568,1
2025-04-01 00:44:51.584,2
2025-04-01 00:44:51.603,2
2025-04-01 00:44:51.616,1
2025-04-01 00:44:51.629,1
2025-04-01 00:44:51.642,2
2025-04-01 00:44:51.660,2
2025-04-01 00:44:51.678,1
2025-04-01 00:44:51.697,2
2025-04-01 00:44:51.713,2
2025-04-01 00:44:51.733,2
2025-04-01 00:44:51.753,2
2025-04-01 00:44:51.767,1
2025-04-01 00:44:51.783,2
2025-04-01 00:44:51.798,1
2025-04-01 00:44:51.815,2
2025-04-01 00:44:51.838,3
2025-04-01 00:44:51.865,3
2025-04-01 00:44:51.881,1
2025-04-01 00:44:51.897,2
2025-04-01 00:44:51.915,2
2025-04-01 00:44:51.933,1
2025-04-01 00:44:51.948,2
2025-04-01 00:44:51.964,1
2025-04-01 00:44:51.981,2
2025-04-01 00:44:52.002,3
2025-04-01 00:44:52.018,1
2025-04-01 00:44:52.033,2
2025-04-01 00:44:52.046,1
2025-04-01 00:44:52.064,1
2025-04-01 00:44:52.079,2
2025-04-01 00:44:52.095,1
2025-04-01 00:44:52.110,2
2025-04-01 00:44:52.127,2
2025-04-01 00:44:52.150,1
2025-04-01 00:44:52.171,3
2025-04-01 00:44:52.194,2
2025-04-01 00:44:52.210,2
2025-04-01 00:44:52.228,2
2025-04-01 00:44:52.248,2
2025-04-01 00:44:52.263,1
2025-04-01 00:44:52.279,2
2025-04-01 00:44:52.297,2
2025-04-01 00:44:52.313,1
2025-04-01 00:44:52.328,2
2025-04-01 00:44:52.346,2
2025-04-01 00:44:52.369,2
2025-04-01 00:44:52.389,2
2025-04-01 00:44:52.411,2
2025-04-01 00:44:52.431,2
2025-04-01 00:44:52.451,2
2025-04-01 00:44:52.466,2
2025-04-01 00:44:52.482,2
2025-04-01 00:44:52.500,2
2025-04-01 00:44:52.519,2
2025-04-01 00:44:52.535,1
2025-04-01 00:44:52.549,2
2025-04-01 00:44:52.566,2
2025-04-01 00:44:52.579,1
2025-04-01 00:44:52.592,1
2025-04-01 00:44:52.607,1
2025-04-01 00:44:52.629,3
2025-04-01 00:44:52.644,1
2025-04-01 00:44:52.661,2
2025-04-01 00:44:52.676,1
2025-04-01 00:44:52.692,2
2025-04-01 00:44:52.706,1
2025-04-01 00:44:52.719,2
2025-04-01 00:44:52.732,1
2025-04-01 00:44:52.748,1
2025-04-01 00:44:52.763,1
2025-04-01 00:44:52.779,2
2025-04-01 00:44:52.795,2
2025-04-01 00:44:52.821,3
2025-04-01 00:44:52.845,2
2025-04-01 00:44:52.868,2
2025-04-01 00:44:52.887,2
2025-04-01 00:44:52.904,2
2025-04-01 00:44:52.917,1
2025-04-01 00:44:52.933,2
2025-04-01 00:44:52.956,2
2025-04-01 00:44:52.976,2
2025-04-01 00:44:52.999,2
2025-04-01 00:44:53.014,2
2025-04-01 00:44:53.030,1
2025-04-01 00:44:53.048,2
2025-04-01 00:44:53.066,2
2025-04-01 00:44:53.084,2
2025-04-01 00:44:53.102,2
2025-04-01 00:44:53.117,2
2025-04-01 00:44:53.132,1
2025-04-01 00:44:53.147,2
2025-04-01 00:44:53.161,1
2025-04-01 00:44:53.176,2
2025-04-01 00:44:53.198,2
2025-04-01 00:44:53.220,2
2025-04-01 00:44:53.239,2
2025-04-01 00:44:53.254,1
2025-04-01 00:44:53.269,2
2025-04-01 00:44:53.283,1
2025-04-01 00:44:53.300,1
2025-04-01 00:44:53.318,2
2025-04-01 00:44:53.334,2
2025-04-01 00:44:53.358,3
2025-04-01 00:44:53.383,2
2025-04-01 00:44:53.399,1
2025-04-01 00:44:53.414,2
2025-04-01 00:44:53.430,2
2025-04-01 00:44:53.446,1
2025-04-01 00:44:53.463,3
2025-04-01 00:44:53.482,1
2025-04-01 00:44:53.500,3
2025-04-01 00:44:53.514,1
2025-04-01 00:44:53.531,1
2025-04-01 00:44:53.547,2
2025-04-01 00:44:53.563,1
2025-04-01 00:44:53.576,1
2025-04-01 00:44:53.590,2
2025-04-01 00:44:53.605,2
2025-04-01 00:44:53.632,3
2025-04-01 00:44:53.654,1
2025-04-01 00:44:53.668,2
2025-04-01 00:44:53.686,2
2025-04-01 00:44:53.706,2
2025-04-01 00:44:53.721,2
2025-04-01 00:44:53.735,1
2025-04-01 00:44:53.748,1
2025-04-01 00:44:53.759,1
2025-04-01 00:44:53.773,1
2025-04-01 00:44:53.785,2
2025-04-01 00:44:53.805,2
2025-04-01 00:44:53.826,2
2025-04-01 00:44:53.844,2
2025-04-01 00:44:53.863,2
2025-04-01 00:44:53.881,1
2025-04-01 00:44:53.898,3
2025-04-01 00:44:53.916,1
2025-04-01 00:44:53.929,1
2025-04-01 00:44:53.944,2
2025-04-01 00:44:53.965,2
2025-04-01 00:44:53.986,3
2025-04-01 00:44:54.012,2
2025-04-01 00:44:54.033,2
2025-04-01 00:44:54.050,2
2025-04-01 00:44:54.067,2
2025-04-01 00:44:54.082,2
2025-04-01 00:44:54.096,1
2025-04-01 00:44:54.112,2
2025-04-01 00:44:54.129,1
2025-04-01 00:44:54.145,2
2025-04-01 00:44:54.161,2
2025-04-01 00:44:54.183,2
2025-04-01 00:44:54.203,2
2025-04-01 00:44:54.219,2
2025-04-01 00:44:54.235,1
2025-04-01 00:44:54.252,2
2025-04-01 00:44:54.270,2
2025-04-01 00:44:54.286,2
2025-04-01 00:44:54.300,1
2025-04-01 00:44:54.317,1
2025-04-01 00:44:54.333,2
2025-04-01 00:44:54.349,2
2025-04-01 00:44:54.363,1
2025-04-01 00:44:54.379,2
2025-04-01 00:44:54.394,1
2025-04-01 00:44:54.412,2
2025-04-01 00:44:54.435,2
2025-04-01 00:44:54.458,3
2025-04-01 00:44:54.481,2
2025-04-01 00:44:54.500,2
2025-04-01 00:44:54.520,2
2025-04-01 00:44:54.537,2
2025-04-01 00:44:54.552,1
2025-04-01 00:44:54.567,2
2025-04-01 00:44:54.589,2
2025-04-01 00:44:54.605,2
2025-04-01 00:44:54.626,2
2025-04-01 00:44:54.642,1
2025-04-01 00:44:54.659,2
2025-04-01 00:44:54.678,2
2025-04-01 00:44:54.696,1
2025-04-01 00:44:54.714,2
2025-04-01 00:44:54.730,1
2025-04-01 00:44:54.747,1
2025-04-01 00:44:54.763,2
2025-04-01 00:44:54.779,2
2025-04-01 00:44:54.794,1
2025-04-01 00:44:54.811,4
2025-04-01 00:44:54.838,3
2025-04-01 00:44:54.859,2
2025-04-01 00:44:54.880,2
2025-04-01 00:44:54.898,2
2025-04-01 00:44:54.916,2
2025-04-01 00:44:54.935,2
2025-04-01 00:44:54.957,2
2025-04-01 00:44:54.974,2
2025-04-01 00:44:54.988,1
2025-04-01 00:44:55.001,2
2025-04-01 00:44:55.015,1
2025-04-01 00:44:55.091,5
2025-04-01 00:44:55.125,6
2025-04-01 00:44:55.160,4
2025-04-01 00:44:55.187,3
2025-04-01 00:44:55.205,1
2025-04-01 00:44:55.228,3
2025-04-01 00:44:55.249,2
2025-04-01 00:44:55.274,3
2025-04-01 00:44:55.295,2
2025-04-01 00:44:55.313,1
2025-04-01 00:44:55.327,2
2025-04-01 00:44:55.344,1
2025-04-01 00:44:55.358,1
2025-04-01 00:44:55.374,2
2025-04-01 00:44:55.388,1
2025-04-01 00:44:55.404,2
2025-04-01 00:44:55.418,2
2025-04-01 00:44:55.443,3
2025-04-01 00:44:55.466,3
2025-04-01 00:44:55.491,2
2025-04-01 00:44:55.506,1
2025-04-01 00:44:55.520,2
2025-04-01 00:44:55.532,1
2025-04-01 00:44:55.546,1
2025-04-01 00:44:55.561,2
2025-04-01 00:44:55.582,2
2025-04-01 00:44:55.603,3
2025-04-01 00:44:55.623,2
2025-04-01 00:44:55.647,2
2025-04-01 00:44:55.666,2
2025-04-01 00:44:55.683,2
2025-04-01 00:44:55.696,1
2025-04-01 00:44:55.712,2
2025-04-01 00:44:55.737,2
2025-04-01 00:44:55.760,3
2025-04-01 00:44:55.779,1
2025-04-01 00:44:55.797,2
2025-04-01 00:44:55.814,2
2025-04-01 00:44:55.828,1
2025-04-01 00:44:55.845,2
2025-04-01 00:44:55.859,2
2025-04-01 00:44:55.873,1
2025-04-01 00:44:55.889,2
2025-04-01 00:44:55.909,2
2025-04-01 00:44:55.933,2
2025-04-01 00:44:55.954,2
2025-04-01 00:44:55.976,3
2025-04-01 00:44:55.993,1
2025-04-01 00:44:56.011,2
2025-04-01 00:44:56.025,1
2025-04-01 00:44:56.045,2
2025-04-01 00:44:56.062,2
2025-04-01 00:44:56.079,1
2025-04-01 00:44:56.097,2
2025-04-01 00:44:56.120,2
2025-04-01 00:44:56.139,3
2025-04-01 00:44:56.160,2
2025-04-01 00:44:56.182,2
2025-04-01 00:44:56.198,2
2025-04-01 00:44:56.211,1
2025-04-01 00:44:56.225,2
2025-04-01 00:44:56.245,2
2025-04-01 00:44:56.266,2
2025-04-01 00:44:56.286,2
2025-04-01 00:44:56.305,2
2025-04-01 00:44:56.327,2
2025-04-01 00:44:56.344,2
2025-04-01 00:44:56.358,1
2025-04-01 00:44:56.373,2
2025-04-01 00:44:56.388,1
2025-04-01 00:44:56.404,2
2025-04-01 00:44:56.424,2
2025-04-01 00:44:56.446,3
2025-04-01 00:44:56.469,2
2025-04-01 00:44:56.488,2
2025-04-01 00:44:56.508,2
2025-04-01 00:44:56.523,1
2025-04-01 00:44:56.536,1
2025-04-01 00:44:56.548,1
2025-04-01 00:44:56.561,1
2025-04-01 00:44:56.576,2
2025-04-01 00:44:56.591,2
2025-04-01 00:44:56.614,1
2025-04-01 00:44:56.632,4
2025-04-01 00:44:56.655,1
2025-04-01 00:44:56.672,2
2025-04-01 00:44:56.688,1
2025-04-01 00:44:56.758,1
2025-04-01 00:44:56.782,10
2025-04-01 00:44:56.827,4
2025-04-01 00:44:56.860,2
2025-04-01 00:44:56.881,2
2025-04-01 00:44:56.900,4
2025-04-01 00:44:56.926,3
2025-04-01 00:44:56.949,2
2025-04-01 00:44:56.970,2
2025-04-01 00:44:56.988,1
2025-04-01 00:44:57.002,2
2025-04-01 00:44:57.017,1
2025-04-01 00:44:57.034,2
2025-04-01 00:44:57.054,1
2025-04-01 00:44:57.070,2
2025-04-01 00:44:57.088,2
2025-04-01 00:44:57.106,3
2025-04-01 00:44:57.127,1
2025-04-01 00:44:57.142,2
2025-04-01 00:44:57.158,1
2025-04-01 00:44:57.176,1
2025-04-01 00:44:57.193,1
2025-04-01 00:44:57.209,2
2025-04-01 00:44:57.223,2
2025-04-01 00:44:57.242,4
2025-04-01 00:44:57.267,2
2025-04-01 00:44:57.285,2
2025-04-01 00:44:57.307,2
2025-04-01 00:44:57.326,2
2025-04-01 00:44:57.342,1
2025-04-01 00:44:57.357,1
2025-04-01 00:44:57.455,3
2025-04-01 00:44:57.478,12
2025-04-01 00:44:57.530,5
2025-04-01 00:44:57.564,4
2025-04-01 00:44:57.592,2
2025-04-01 00:44:57.609,2
2025-04-01 00:44:57.624,1
2025-04-01 00:44:57.640,2
2025-04-01 00:44:57.658,2
2025-04-01 00:44:57.680,3
2025-04-01 00:44:57.696,1
2025-04-01 00:44:57.712,2
2025-04-01 00:44:57.732,2
2025-04-01 00:44:57.751,2
2025-04-01 00:44:57.770,2
2025-04-01 00:44:57.789,2
2025-04-01 00:44:57.807,2
2025-04-01 00:44:57.823,1
2025-04-01 00:44:57.840,2
2025-04-01 00:44:57.862,3
2025-04-01 00:44:57.883,1
2025-04-01 00:44:57.901,3
2025-04-01 00:44:57.916,1
2025-04-01 00:44:57.932,1
2025-04-01 00:44:57.946,2
2025-04-01 00:44:57.960,2
2025-04-01 00:44:57.976,1
2025-04-01 00:44:57.994,2
2025-04-01 00:44:58.012,2
2025-04-01 00:44:58.032,2
2025-04-01 00:44:58.047,1
2025-04-01 00:44:58.067,2
2025-04-01 00:44:58.087,2
2025-04-01 00:44:58.108,2
2025-04-01 00:44:58.126,2
2025-04-01 00:44:58.144,2
2025-04-01 00:44:58.161,1
2025-04-01 00:44:58.177,2
2025-04-01 00:44:58.198,3
2025-04-01 00:44:58.216,2
2025-04-01 00:44:58.233,1
2025-04-01 00:44:58.247,2
2025-04-01 00:44:58.263,1
2025-04-01 00:44:58.280,2
2025-04-01 00:44:58.297,2
2025-04-01 00:44:58.313,2
2025-04-01 00:44:58.330,1
2025-04-01 00:44:58.346,2
2025-04-01 00:44:58.366,2
2025-04-01 00:44:58.383,2
2025-04-01 00:44:58.401,2
2025-04-01 00:44:58.415,1
2025-04-01 00:44:58.429,2
2025-04-01 00:44:58.442,1
2025-04-01 00:44:58.458,2
2025-04-01 00:44:58.476,2
2025-04-01 00:44:58.491,1
2025-04-01 00:44:58.504,1
2025-04-01 00:44:58.522,2
2025-04-01 00:44:58.535,2
2025-04-01 00:44:58.549,1
2025-04-01 00:44:58.562,1
2025-04-01 00:44:58.578,2
2025-04-01 00:44:58.603,1
2025-04-01 00:44:58.619,1
2025-04-01 00:44:58.639,2
2025-04-01 00:44:58.662,2
2025-04-01 00:44:58.682,4
2025-04-01 00:44:58.706,3
2025-04-01 00:44:58.725,2
2025-04-01 00:44:58.742,2
2025-04-01 00:44:58.760,2
2025-04-01 00:44:58.777,2
2025-04-01 00:44:58.801,1
2025-04-01 00:44:58.819,2
2025-04-01 00:44:58.833,2
2025-04-01 00:44:58.849,2
2025-04-01 00:44:58.868,2
2025-04-01 00:44:58.882,1
2025-04-01 00:44:58.898,2
2025-04-01 00:44:58.914,1
2025-04-01 00:44:58.927,1
2025-04-01 00:44:58.944,3
2025-04-01 00:44:58.965,1
2025-04-01 00:44:58.982,2
2025-04-01 00:44:58.997,2
2025-04-01 00:44:59.010,1
2025-04-01 00:44:59.026,2
2025-04-01 00:44:59.040,1
2025-04-01 00:44:59.052,1
2025-04-01 00:44:59.065,2
2025-04-01 00:44:59.080,1
2025-04-01 00:44:59.096,2
2025-04-01 00:44:59.124,3
2025-04-01 00:44:59.149,2
2025-04-01 00:44:59.166,2
2025-04-01 00:44:59.184,2
2025-04-01 00:44:59.204,2
2025-04-01 00:44:59.220,1
2025-04-01 00:44:59.236,2
2025-04-01 00:44:59.261,3
2025-04-01 00:44:59.277,2
2025-04-01 00:44:59.297,2
2025-04-01 00:44:59.318,2
2025-04-01 00:44:59.337,2
2025-04-01 00:44:59.354,1
2025-04-01 00:44:59.369,2
2025-04-01 00:44:59.386,2
2025-04-01 00:44:59.412,2
2025-04-01 00:44:59.430,2
2025-04-01 00:44:59.451,3
2025-04-01 00:44:59.469,1
2025-04-01 00:44:59.488,2
2025-04-01 00:44:59.502,2
2025-04-01 00:44:59.523,2
2025-04-01 00:44:59.542,2
2025-04-01 00:44:59.562,2
2025-04-01 00:44:59.580,1
2025-04-01 00:44:59.602,3
2025-04-01 00:44:59.625,2
2025-04-01 00:44:59.649,3
2025-04-01 00:44:59.665,1
2025-04-01 00:44:59.682,2
2025-04-01 00:44:59.700,2
2025-04-01 00:44:59.722,2
2025-04-01 00:44:59.742,2
2025-04-01 00:44:59.762,2
2025-04-01 00:44:59.776,1
2025-04-01 00:44:59.795,3
2025-04-01 00:44:59.810,1
2025-04-01 00:44:59.824,1
2025-04-01 00:44:59.838,2
2025-04-01 00:44:59.854,1
2025-04-01 00:44:59.870,2
2025-04-01 00:44:59.886,2
2025-04-01 00:44:59.907,1
2025-04-01 00:44:59.921,2
2025-04-01 00:44:59.937,2
2025-04-01 00:44:59.957,2
2025-04-01 00:44:59.977,2
2025-04-01 00:44:59.991,1
2025-04-01 00:45:00.006,1
2025-04-01 00:45:00.020,2
2025-04-01 00:45:00.033,1
2025-04-01 00:45:00.048,2
2025-04-01 00:45:00.061,1
2025-04-01 00:45:00.075,1
2025-04-01 00:45:00.094,2
2025-04-01 00:45:00.118,3
2025-04-01 00:45:00.135,1
2025-04-01 00:45:00.153,2
2025-04-01 00:45:00.171,2
2025-04-01 00:45:00.190,2
2025-04-01 00:45:00.213,2
2025-04-01 00:45:00.232,2
2025-04-01 00:45:00.248,2
2025-04-01 00:45:00.263,2
2025-04-01 00:45:00.282,2
2025-04-01 00:45:00.302,2
2025-04-01 00:45:00.321,1
2025-04-01 00:45:00.339,3
2025-04-01 00:45:00.363,2
2025-04-01 00:45:00.383,2
2025-04-01 00:45:00.399,2
2025-04-01 00:45:00.413,1
2025-04-01 00:45:00.427,1
2025-04-01 00:45:00.443,2
2025-04-01 00:45:00.456,1
2025-04-01 00:45:00.470,2
2025-04-01 00:45:00.490,2
2025-04-01 00:45:00.511,2
2025-04-01 00:45:00.527,2
2025-04-01 00:45:00.544,2
2025-04-01 00:45:00.558,1
2025-04-01 00:45:00.577,2
2025-04-01 00:45:00.593,2
2025-04-01 00:45:00.615,2
2025-04-01 00:45:00.631,1
2025-04-01 00:45:00.649,3
2025-04-01 00:45:00.668,2
2025-04-01 00:45:00.694,2
2025-04-01 00:45:00.712,2
2025-04-01 00:45:00.728,2
2025-04-01 00:45:00.741,1
2025-04-01 00:45:00.757,2
2025-04-01 00:45:00.771,1
2025-04-01 00:45:00.787,2
2025-04-01 00:45:00.803,2
2025-04-01 00:45:00.818,1
2025-04-01 00:45:00.838,2
2025-04-01 00:45:00.855,2
2025-04-01 00:45:00.875,2
2025-04-01 00:45:00.893,2
2025-04-01 00:45:00.919,3
2025-04-01 00:45:00.945,2
2025-04-01 00:45:00.972,3
2025-04-01 00:45:00.993,2
2025-04-01 00:45:01.010,2
2025-04-01 00:45:01.031,2
2025-04-01 00:45:01.047,2
2025-04-01 00:45:01.064,2
2025-04-01 00:45:01.082,2
2025-04-01 00:45:01.104,1
2025-04-01 00:45:01.117,2
2025-04-01 00:45:01.134,2
2025-04-01 00:45:01.157,2
2025-04-01 00:45:01.176,2
2025-04-01 00:45:01.198,3
2025-04-01 00:45:01.217,1
2025-04-01 00:45:01.233,2
2025-04-01 00:45:01.256,2
2025-04-01 00:45:01.281,3
2025-04-01 00:45:01.301,2
2025-04-01 00:45:01.320,2
2025-04-01 00:45:01.334,1
2025-04-01 00:45:01.348,2
2025-04-01 00:45:01.360,1
2025-04-01 00:45:01.375,2
2025-04-01 00:45:01.396,2
2025-04-01 00:45:01.411,1
2025-04-01 00:45:01.425,2
2025-04-01 00:45:01.448,2
2025-04-01 00:45:01.465,2
2025-04-01 00:45:01.481,2
2025-04-01 00:45:01.505,2
2025-04-01 00:45:01.525,2
2025-04-01 00:45:01.540,2
2025-04-01 00:45:01.554,1
2025-04-01 00:45:01.569,2
2025-04-01 00:45:01.584,1
2025-04-01 00:45:01.604,2
2025-04-01 00:45:01.627,3
2025-04-01 00:45:01.657,3
2025-04-01 00:45:01.680,2
2025-04-01 00:45:01.699,2
2025-04-01 00:45:01.714,2
2025-04-01 00:45:01.730,1
2025-04-01 00:45:01.746,2
2025-04-01 00:45:01.769,2
2025-04-01 00:45:01.789,2
2025-04-01 00:45:01.811,2
2025-04-01 00:45:01.827,1
2025-04-01 00:45:01.841,2
2025-04-01 00:45:01.856,2
2025-04-01 00:45:01.873,1
2025-04-01 00:45:01.889,2
2025-04-01 00:45:01.915,3
2025-04-01 00:45:01.932,2
2025-04-01 00:45:01.952,2
2025-04-01 00:45:01.970,1
2025-04-01 00:45:01.985,2
2025-04-01 00:45:02.001,2
2025-04-01 00:45:02.020,2
2025-04-01 00:45:02.034,1
2025-04-01 00:45:02.048,1
2025-04-01 00:45:02.062,2
2025-04-01 00:45:02.075,1
2025-04-01 00:45:02.090,1
2025-04-01 00:45:02.104,2
2025-04-01 00:45:02.122,2
2025-04-01 00:45:02.146,2
2025-04-01 00:45:02.163,2
2025-04-01 00:45:02.178,2
2025-04-01 00:45:02.191,1
2025-04-01 00:45:02.207,2
2025-04-01 00:45:02.221,1
2025-04-01 00:45:02.237,2
2025-04-01 00:45:02.254,1
2025-04-01 00:45:02.278,3
2025-04-01 00:45:02.308,3
2025-04-01 00:45:02.333,2
2025-04-01 00:45:02.359,3
2025-04-01 00:45:02.385,2
2025-04-01 00:45:02.405,3
2025-04-01 00:45:02.433,3
2025-04-01 00:45:02.449,1
2025-04-01 00:45:02.464,2
2025-04-01 00:45:02.478,1
2025-04-01 00:45:02.498,2
2025-04-01 00:45:02.521,2
2025-04-01 00:45:02.544,3
2025-04-01 00:45:02.564,2
2025-04-01 00:45:02.587,2
2025-04-01 00:45:02.605,2
2025-04-01 00:45:02.625,3
2025-04-01 00:45:02.641,1
2025-04-01 00:45:02.656,2
2025-04-01 00:45:02.676,1
2025-04-01 00:45:02.694,3
2025-04-01 00:45:02.715,2
2025-04-01 00:45:02.735,2
2025-04-01 00:45:02.753,1
2025-04-01 00:45:02.770,1
2025-04-01 00:45:02.783,2
2025-04-01 00:45:02.798,1
2025-04-01 00:45:02.816,2
2025-04-01 00:45:02.829,1
2025-04-01 00:45:02.845,1
2025-04-01 00:45:02.863,2
2025-04-01 00:45:02.877,1
2025-04-01 00:45:02.896,4
2025-04-01 00:45:02.918,3
2025-04-01 00:45:02.936,1
2025-04-01 00:45:02.951,1
2025-04-01 00:45:02.964,1
2025-04-01 00:45:02.980,2
2025-04-01 00:45:02.997,2
2025-04-01 00:45:03.021,2
2025-04-01 00:45:03.037,2
2025-04-01 00:45:03.053,2
2025-04-01 00:45:03.067,1
2025-04-01 00:45:03.082,2
2025-04-01 00:45:03.096,1
2025-04-01 00:45:03.114,2
2025-04-01 00:45:03.131,2
2025-04-01 00:45:03.144,1
2025-04-01 00:45:03.158,2
2025-04-01 00:45:03.170,1
2025-04-01 00:45:03.185,2
2025-04-01 00:45:03.200,1
2025-04-01 00:45:03.216,2
2025-04-01 00:45:03.233,1
2025-04-01 00:45:03.249,2
2025-04-01 00:45:03.263,2
2025-04-01 00:45:03.279,1
2025-04-01 00:45:03.296,2
2025-04-01 00:45:03.316,2
2025-04-01 00:45:03.332,1
2025-04-01 00:45:03.348,2
2025-04-01 00:45:03.372,2
2025-04-01 00:45:03.396,3
2025-04-01 00:45:03.422,3
2025-04-01 00:45:03.449,3
2025-04-01 00:45:03.472,2
2025-04-01 00:45:03.493,3
2025-04-01 00:45:03.513,1
2025-04-01 00:45:03.531,2
2025-04-01 00:45:03.548,2
2025-04-01 00:45:03.574,2
2025-04-01 00:45:03.593,2
2025-04-01 00:45:03.616,3
2025-04-01 00:45:03.636,2
2025-04-01 00:45:03.651,2
2025-04-01 00:45:03.665,1
2025-04-01 00:45:03.681,2
2025-04-01 00:45:03.696,1
2025-04-01 00:45:03.709,2
2025-04-01 00:45:03.722,1
2025-04-01 00:45:03.736,1
2025-04-01 00:45:03.749,2
2025-04-01 00:45:03.763,1
2025-04-01 00:45:03.784,2
2025-04-01 00:45:03.811,3
2025-04-01 00:45:03.827,1
2025-04-01 00:45:03.855,4
2025-04-01 00:45:03.884,3
2025-04-01 00:45:03.907,2
2025-04-01 00:45:03.931,2
2025-04-01 00:45:03.951,2
2025-04-01 00:45:03.972,3
2025-04-01 00:45:04.000,3
2025-04-01 00:45:04.021,2
2025-04-01 00:45:04.046,2
2025-04-01 00:45:04.066,2
2025-04-01 00:45:04.081,1
2025-04-01 00:45:04.101,3
2025-04-01 00:45:04.125,3
2025-04-01 00:45:04.143,1
2025-04-01 00:45:04.160,2
2025-04-01 00:45:04.180,2
2025-04-01 00:45:04.205,3
2025-04-01 00:45:04.221,1
2025-04-01 00:45:04.237,2
2025-04-01 00:45:04.252,2
2025-04-01 00:45:04.267,1
2025-04-01 00:45:04.284,2
2025-04-01 00:45:04.301,1
2025-04-01 00:45:04.319,2
2025-04-01 00:45:04.340,3
2025-04-01 00:45:04.355,1
2025-04-01 00:45:04.370,2
2025-04-01 00:45:04.387,2
2025-04-01 00:45:04.405,1
2025-04-01 00:45:04.423,2
2025-04-01 00:45:04.439,2
2025-04-01 00:45:04.453,1
2025-04-01 00:45:04.469,2
2025-04-01 00:45:04.484,1
2025-04-01 00:45:04.502,2
2025-04-01 00:45:04.526,3
2025-04-01 00:45:04.553,3
2025-04-01 00:45:04.581,2
2025-04-01 00:45:04.601,2
2025-04-01 00:45:04.616,2
2025-04-01 00:45:04.638,2
2025-04-01 00:45:04.655,2
2025-04-01 00:45:04.674,2
2025-04-01 00:45:04.688,1
2025-04-01 00:45:04.703,2
2025-04-01 00:45:04.729,3
2025-04-01 00:45:04.747,2
2025-04-01 00:45:04.767,1
2025-04-01 00:45:04.788,2
2025-04-01 00:45:04.804,2
2025-04-01 00:45:04.825,2
2025-04-01 00:45:04.840,1
2025-04-01 00:45:04.855,2
2025-04-01 00:45:04.875,2
2025-04-01 00:45:04.893,2
2025-04-01 00:45:04.909,2
2025-04-01 00:45:04.928,1
2025-04-01 00:45:04.945,2
2025-04-01 00:45:04.960,2
2025-04-01 00:45:04.974,1
2025-04-01 00:45:04.993,2
2025-04-01 00:45:05.008,2
2025-04-01 00:45:05.023,1
2025-04-01 00:45:05.038,1
2025-04-01 00:45:05.052,2
2025-04-01 00:45:05.068,1
2025-04-01 00:45:05.090,3
2025-04-01 00:45:05.109,2
2025-04-01 00:45:05.135,3
2025-04-01 00:45:05.150,1
2025-04-01 00:45:05.164,1
2025-04-01 00:45:05.178,2
2025-04-01 00:45:05.197,2
2025-04-01 00:45:05.213,1
2025-04-01 00:45:05.231,2
2025-04-01 00:45:05.249,2
2025-04-01 00:45:05.272,2
2025-04-01 00:45:05.288,2
2025-04-01 00:45:05.307,2
2025-04-01 00:45:05.326,2
2025-04-01 00:45:05.348,1
2025-04-01 00:45:05.365,2
2025-04-01 00:45:05.383,1
2025-04-01 00:45:05.398,1
2025-04-01 00:45:05.467,2
2025-04-01 00:45:05.487,10
2025-04-01 00:45:05.531,4
2025-04-01 00:45:05.558,3
2025-04-01 00:45:05.588,3
2025-04-01 00:45:05.607,2
2025-04-01 00:45:05.624,2
2025-04-01 00:45:05.640,1
2025-04-01 00:45:05.655,2
2025-04-01 00:45:05.671,2
2025-04-01 00:45:05.694,2
2025-04-01 00:45:05.711,2
2025-04-01 00:45:05.726,1
2025-04-01 00:45:05.740,2
2025-04-01 00:45:05.757,1
2025-04-01 00:45:05.775,2
2025-04-01 00:45:05.791,2
2025-04-01 00:45:05.805,1
2025-04-01 00:45:05.819,2
2025-04-01 00:45:05.831,1
2025-04-01 00:45:05.842,1
2025-04-01 00:45:05.855,1
2025-04-01 00:45:05.871,2
2025-04-01 00:45:05.890,2
2025-04-01 00:45:05.915,3
2025-04-01 00:45:05.933,1
2025-04-01 00:45:05.950,2
2025-04-01 00:45:05.965,2
2025-04-01 00:45:05.981,2
2025-04-01 00:45:05.994,1
2025-04-01 00:45:06.009,2
2025-04-01 00:45:06.024,1
2025-04-01 00:45:06.038,2
2025-04-01 00:45:06.053,1
2025-04-01 00:45:06.067,2
2025-04-01 00:45:06.086,1
2025-04-01 00:45:06.104,2
2025-04-01 00:45:06.120,2
2025-04-01 00:45:06.142,2
2025-04-01 00:45:06.156,1
2025-04-01 00:45:06.172,2
2025-04-01 00:45:06.190,2
2025-04-01 00:45:06.209,2
2025-04-01 00:45:06.230,2
2025-04-01 00:45:06.247,2
2025-04-01 00:45:06.265,2
2025-04-01 00:45:06.278,1
2025-04-01 00:45:06.292,1
2025-04-01 00:45:06.306,2
2025-04-01 00:45:06.320,1
2025-04-01 00:45:06.337,2
2025-04-01 00:45:06.358,2
2025-04-01 00:45:06.372,1
2025-04-01 00:45:06.391,2
2025-04-01 00:45:06.413,2
2025-04-01 00:45:06.429,2
2025-04-01 00:45:06.447,2
2025-04-01 00:45:06.466,2
2025-04-01 00:45:06.490,2
2025-04-01 00:45:06.511,3
2025-04-01 00:45:06.529,2
2025-04-01 00:45:06.550,2
2025-04-01 00:45:06.568,2
2025-04-01 00:45:06.584,1
2025-04-01 00:45:06.602,2
2025-04-01 00:45:06.615,1
2025-04-01 00:45:06.629,2
2025-04-01 00:45:06.647,2
2025-04-01 00:45:06.664,2
2025-04-01 00:45:06.688,2
2025-04-01 00:45:06.711,2
2025-04-01 00:45:06.733,3
2025-04-01 00:45:06.749,1
2025-04-01 00:45:06.766,2
2025-04-01 00:45:06.781,1
2025-04-01 00:45:06.798,2
2025-04-01 00:45:06.816,2
2025-04-01 00:45:06.834,2
2025-04-01 00:45:06.850,1
2025-04-01 00:45:06.868,2
2025-04-01 00:45:06.886,2
2025-04-01 00:45:06.909,3
2025-04-01 00:45:06.931,2
2025-04-01 00:45:06.948,1
2025-04-01 00:45:06.962,2
2025-04-01 00:45:06.981,2
2025-04-01 00:45:06.999,1
2025-04-01 00:45:07.019,3
2025-04-01 00:45:07.034,2
2025-04-01 00:45:07.048,1
2025-04-01 00:45:07.065,1
2025-04-01 00:45:07.080,2
2025-04-01 00:45:07.093,1
2025-04-01 00:45:07.111,2
2025-04-01 00:45:07.129,2
2025-04-01 00:45:07.144,1
2025-04-01 00:45:07.161,2
2025-04-01 00:45:07.181,2
2025-04-01 00:45:07.207,3
2025-04-01 00:45:07.227,2
2025-04-01 00:45:07.252,3
2025-04-01 00:45:07.277,2
2025-04-01 00:45:07.294,2
2025-04-01 00:45:07.312,2
2025-04-01 00:45:07.330,2
2025-04-01 00:45:07.345,2
2025-04-01 00:45:07.368,2
2025-04-01 00:45:07.386,2
2025-04-01 00:45:07.404,1
2025-04-01 00:45:07.421,2
2025-04-01 00:45:07.438,2
2025-04-01 00:45:07.461,2
2025-04-01 00:45:07.483,2
2025-04-01 00:45:07.508,3
2025-04-01 00:45:07.523,2
2025-04-01 00:45:07.537,1
2025-04-01 00:45:07.552,1
2025-04-01 00:45:07.567,2
2025-04-01 00:45:07.583,2
2025-04-01 00:45:07.604,2
2025-04-01 00:45:07.620,2
2025-04-01 00:45:07.639,2
2025-04-01 00:45:07.656,1
2025-04-01 00:45:07.671,2
2025-04-01 00:45:07.686,1
2025-04-01 00:45:07.702,2
2025-04-01 00:45:07.716,1
2025-04-01 00:45:07.729,1
2025-04-01 00:45:07.743,2
2025-04-01 00:45:07.757,1
2025-04-01 00:45:07.775,2
2025-04-01 00:45:07.794,2
2025-04-01 00:45:07.809,1
2025-04-01 00:45:07.826,2
2025-04-01 00:45:07.842,2
2025-04-01 00:45:07.866,2
2025-04-01 00:45:07.888,2
2025-04-01 00:45:07.914,3
2025-04-01 00:45:07.937,2
2025-04-01 00:45:07.957,3
2025-04-01 00:45:07.977,2
2025-04-01 00:45:07.995,1
2025-04-01 00:45:08.014,2
2025-04-01 00:45:08.030,2
2025-04-01 00:45:08.215,1
2025-04-01 00:45:08.228,1
2025-04-01 00:45:08.245,2
2025-04-01 00:45:08.261,2
2025-04-01 00:45:08.278,1
2025-04-01 00:45:08.293,2
2025-04-01 00:45:08.312,2
2025-04-01 00:45:08.327,1
2025-04-01 00:45:08.344,2
2025-04-01 00:45:08.359,2
2025-04-01 00:45:08.376,2
2025-04-01 00:45:08.391,1
2025-04-01 00:45:08.404,1
2025-04-01 00:45:08.418,2
2025-04-01 00:45:08.430,1
2025-04-01 00:45:08.444,2
2025-04-01 00:45:08.459,1
2025-04-01 00:45:08.473,2
2025-04-01 00:45:08.486,1
2025-04-01 00:45:08.504,2
2025-04-01 00:45:08.520,1
2025-04-01 00:45:08.535,2
2025-04-01 00:45:08.553,1
2025-04-01 00:45:08.573,2
2025-04-01 00:45:08.589,1
2025-04-01 00:45:08.606,2
2025-04-01 00:45:08.628,3
2025-04-01 00:45:08.656,3
2025-04-01 00:45:08.680,2
2025-04-01 00:45:08.705,3
2025-04-01 00:45:08.736,3
2025-04-01 00:45:08.764,3
2025-04-01 00:45:08.790,3
2025-04-01 00:45:08.807,1
2025-04-01 00:45:08.822,2
2025-04-01 00:45:08.837,2
2025-04-01 00:45:08.856,2
2025-04-01 00:45:08.876,1
2025-04-01 00:45:08.891,2
2025-04-01 00:45:08.909,2
2025-04-01 00:45:08.924,1
2025-04-01 00:45:08.937,2
2025-04-01 00:45:08.955,2
2025-04-01 00:45:08.976,2
2025-04-01 00:45:08.992,1
2025-04-01 00:45:09.007,2
2025-04-01 00:45:09.025,2
2025-04-01 00:45:09.039,2
2025-04-01 00:45:09.053,1
2025-04-01 00:45:09.070,2
2025-04-01 00:45:09.084,1
2025-04-01 00:45:09.099,1
2025-04-01 00:45:09.115,2
2025-04-01 00:45:09.129,1
2025-04-01 00:45:09.142,2
2025-04-01 00:45:09.158,1
2025-04-01 00:45:09.170,2
2025-04-01 00:45:09.187,2
2025-04-01 00:45:09.205,1
2025-04-01 00:45:09.221,2
2025-04-01 00:45:09.238,2
2025-04-01 00:45:09.256,2
2025-04-01 00:45:09.271,1
2025-04-01 00:45:09.287,2
2025-04-01 00:45:09.304,1
2025-04-01 00:45:09.317,2
2025-04-01 00:45:09.331,1
2025-04-01 00:45:09.346,2
2025-04-01 00:45:09.367,2
2025-04-01 00:45:09.386,2
2025-04-01 00:45:09.400,2
2025-04-01 00:45:09.415,1
2025-04-01 00:45:09.429,2
2025-04-01 00:45:09.447,2
2025-04-01 00:45:09.461,1
2025-04-01 00:45:09.474,1
2025-04-01 00:45:09.491,2
2025-04-01 00:45:09.505,1
2025-04-01 00:45:09.526,2
2025-04-01 00:45:09.550,2
2025-04-01 00:45:09.575,4
2025-04-01 00:45:09.600,2
2025-04-01 00:45:09.623,2
2025-04-01 00:45:09.642,1
2025-04-01 00:45:09.663,3
2025-04-01 00:45:09.682,2
2025-04-01 00:45:09.705,2
2025-04-01 00:45:09.729,3
2025-04-01 00:45:09.749,2
2025-04-01 00:45:09.764,1
2025-04-01 00:45:09.786,3
2025-04-01 00:45:09.812,2
2025-04-01 00:45:09.840,3
2025-04-01 00:45:09.859,2
2025-04-01 00:45:09.878,2
2025-04-01 00:45:09.897,2
2025-04-01 00:45:09.919,2
2025-04-01 00:45:09.942,3
2025-04-01 00:45:09.966,2
2025-04-01 00:45:09.987,2
2025-04-01 00:45:10.011,3
2025-04-01 00:45:10.031,2
2025-04-01 00:45:10.051,2
2025-04-01 00:45:10.068,1
2025-04-01 00:45:10.081,1
2025-04-01 00:45:10.098,2
2025-04-01 00:45:10.118,2
2025-04-01 00:45:10.136,2
2025-04-01 00:45:10.154,2
2025-04-01 00:45:10.173,2
2025-04-01 00:45:10.194,2
2025-04-01 00:45:10.211,2
2025-04-01 00:45:10.230,1
2025-04-01 00:45:10.248,2
2025-04-01 00:45:10.263,1
2025-04-01 00:45:10.281,3
2025-04-01 00:45:10.297,1
2025-04-01 00:45:10.313,2
2025-04-01 00:45:10.326,1
2025-04-01 00:45:10.339,1
2025-04-01 00:45:10.353,1
2025-04-01 00:45:10.369,2
2025-04-01 00:45:10.391,3
2025-04-01 00:45:10.408,1
2025-04-01 00:45:10.431,3
2025-04-01 00:45:10.445,1
2025-04-01 00:45:10.462,2
2025-04-01 00:45:10.482,2
2025-04-01 00:45:10.501,2
2025-04-01 00:45:10.520,2
2025-04-01 00:45:10.539,2
2025-04-01 00:45:10.553,1
2025-04-01 00:45:10.568,1
2025-04-01 00:45:10.583,2
2025-04-01 00:45:10.600,2
2025-04-01 00:45:10.617,1
2025-04-01 00:45:10.631,2
2025-04-01 00:45:10.645,2
2025-04-01 00:45:10.667,2
2025-04-01 00:45:10.687,1
2025-04-01 00:45:10.702,2
2025-04-01 00:45:10.722,2
2025-04-01 00:45:10.737,2
2025-04-01 00:45:10.753,2
2025-04-01 00:45:10.771,2
2025-04-01 00:45:10.784,1
2025-04-01 00:45:10.797,1
2025-04-01 00:45:10.813,2
2025-04-01 00:45:10.829,2
2025-04-01 00:45:10.843,1
2025-04-01 00:45:10.861,2
2025-04-01 00:45:10.879,1
2025-04-01 00:45:10.896,2
2025-04-01 00:45:10.911,2
2025-04-01 00:45:10.924,1
2025-04-01 00:45:10.947,2
2025-04-01 00:45:10.966,2
2025-04-01 00:45:10.984,2
2025-04-01 00:45:11.004,2
2025-04-01 00:45:11.019,1
2025-04-01 00:45:11.036,2
2025-04-01 00:45:11.054,2
2025-04-01 00:45:11.070,2
2025-04-01 00:45:11.087,1
2025-04-01 00:45:11.103,2
2025-04-01 00:45:11.119,2
2025-04-01 00:45:11.139,2
2025-04-01 00:45:11.164,2
2025-04-01 00:45:11.186,3
2025-04-01 00:45:11.215,3
2025-04-01 00:45:11.235,2
2025-04-01 00:45:11.250,1
2025-04-01 00:45:11.264,1
2025-04-01 00:45:11.280,2
2025-04-01 00:45:11.300,2
2025-04-01 00:45:11.317,2
2025-04-01 00:45:11.333,2
2025-04-01 00:45:11.353,2
2025-04-01 00:45:11.369,1
2025-04-01 00:45:11.388,3
2025-04-01 00:45:11.404,1
2025-04-01 00:45:11.420,2
2025-04-01 00:45:11.433,1
2025-04-01 00:45:11.447,2
2025-04-01 00:45:11.464,1
2025-04-01 00:45:11.482,2
2025-04-01 00:45:11.497,2
2025-04-01 00:45:11.524,3
2025-04-01 00:45:11.539,1
2025-04-01 00:45:11.553,1
2025-04-01 00:45:11.566,2
2025-04-01 00:45:11.588,1
2025-04-01 00:45:11.601,2
2025-04-01 00:45:11.617,2
2025-04-01 00:45:11.635,2
2025-04-01 00:45:11.654,2
2025-04-01 00:45:11.680,2
2025-04-01 00:45:11.696,2
2025-04-01 00:45:11.713,2
2025-04-01 00:45:11.727,1
2025-04-01 00:45:11.745,2
2025-04-01 00:45:11.761,2
2025-04-01 00:45:11.781,2
2025-04-01 00:45:11.805,2
2025-04-01 00:45:11.824,2
2025-04-01 00:45:11.841,2
2025-04-01 00:45:11.857,2
2025-04-01 00:45:11.874,2
2025-04-01 00:45:11.892,1
2025-04-01 00:45:11.907,2
2025-04-01 00:45:11.919,1
2025-04-01 00:45:11.932,1
2025-04-01 00:45:11.946,2
2025-04-01 00:45:11.969,2
2025-04-01 00:45:11.986,2
2025-04-01 00:45:12.005,1
2025-04-01 00:45:12.022,2
2025-04-01 00:45:12.041,2
2025-04-01 00:45:12.058,2
2025-04-01 00:45:12.077,2
2025-04-01 00:45:12.099,2
2025-04-01 00:45:12.123,3
2025-04-01 00:45:12.138,1
2025-04-01 00:45:12.154,2
2025-04-01 00:45:12.172,2
2025-04-01 00:45:12.195,2
2025-04-01 00:45:12.209,2
2025-04-01 00:45:12.227,1
2025-04-01 00:45:12.248,3
2025-04-01 00:45:12.262,1
2025-04-01 00:45:12.278,2
2025-04-01 00:45:12.291,1
2025-04-01 00:45:12.309,2
2025-04-01 00:45:12.322,2
2025-04-01 00:45:12.340,1
2025-04-01 00:45:12.358,2
2025-04-01 00:45:12.384,3
2025-04-01 00:45:12.400,2
2025-04-01 00:45:12.413,1
2025-04-01 00:45:12.425,1
2025-04-01 00:45:12.440,2
2025-04-01 00:45:12.456,1
2025-04-01 00:45:12.469,2
2025-04-01 00:45:12.485,1
2025-04-01 00:45:12.502,2
2025-04-01 00:45:12.525,2
2025-04-01 00:45:12.546,3
2025-04-01 00:45:12.566,2
2025-04-01 00:45:12.587,2
2025-04-01 00:45:12.602,2
2025-04-01 00:45:12.619,1
2025-04-01 00:45:12.637,2
2025-04-01 00:45:12.657,2
2025-04-01 00:45:12.674,2
2025-04-01 00:45:12.688,1
2025-04-01 00:45:12.708,3
2025-04-01 00:45:12.733,2
2025-04-01 00:45:12.754,2
2025-04-01 00:45:12.772,2
2025-04-01 00:45:12.792,2
2025-04-01 00:45:12.808,2
2025-04-01 00:45:12.823,1
2025-04-01 00:45:12.837,2
2025-04-01 00:45:12.853,2
2025-04-01 00:45:12.877,2
2025-04-01 00:45:12.891,2
2025-04-01 00:45:12.915,2
2025-04-01 00:45:12.941,3
2025-04-01 00:45:12.956,1
2025-04-01 00:45:12.973,2
2025-04-01 00:45:12.989,1
2025-04-01 00:45:13.006,2
2025-04-01 00:45:13.021,2
2025-04-01 00:45:13.036,2
2025-04-01 00:45:13.060,2
2025-04-01 00:45:13.081,2
2025-04-01 00:45:13.097,2
2025-04-01 00:45:13.119,2
2025-04-01 00:45:13.139,2
2025-04-01 00:45:13.155,2
2025-04-01 00:45:13.171,1
2025-04-01 00:45:13.184,2
2025-04-01 00:45:13.199,1
2025-04-01 00:45:13.217,2
2025-04-01 00:45:13.229,1
2025-04-01 00:45:13.241,2
2025-04-01 00:45:13.254,1
2025-04-01 00:45:13.268,1
2025-04-01 00:45:13.287,2
2025-04-01 00:45:13.304,1
2025-04-01 00:45:13.317,2
2025-04-01 00:45:13.331,2
2025-04-01 00:45:13.344,1
2025-04-01 00:45:13.364,1
2025-04-01 00:45:13.378,2
2025-04-01 00:45:13.397,2
2025-04-01 00:45:13.421,2
2025-04-01 00:45:13.439,2
2025-04-01 00:45:13.456,2
2025-04-01 00:45:13.470,1
2025-04-01 00:45:13.484,2
2025-04-01 00:45:13.499,2
2025-04-01 00:45:13.520,1
2025-04-01 00:45:13.535,2
2025-04-01 00:45:13.551,2
2025-04-01 00:45:13.566,1
2025-04-01 00:45:13.580,2
2025-04-01 00:45:13.603,2
2025-04-01 00:45:13.624,2
2025-04-01 00:45:13.642,2
2025-04-01 00:45:13.663,2
2025-04-01 00:45:13.686,2
2025-04-01 00:45:13.701,2
2025-04-01 00:45:13.727,3
2025-04-01 00:45:13.746,1
2025-04-01 00:45:13.762,2
2025-04-01 00:45:13.779,2
2025-04-01 00:45:13.795,2
2025-04-01 00:45:13.809,1
2025-04-01 00:45:13.828,2
2025-04-01 00:45:13.847,2
2025-04-01 00:45:13.868,2
2025-04-01 00:45:13.887,2
2025-04-01 00:45:13.908,2
2025-04-01 00:45:13.931,2
2025-04-01 00:45:13.953,3
2025-04-01 00:45:13.969,1
2025-04-01 00:45:13.989,2
2025-04-01 00:45:14.005,2
2025-04-01 00:45:14.024,2
2025-04-01 00:45:14.042,1
2025-04-01 00:45:14.066,3
2025-04-01 00:45:14.093,2
2025-04-01 00:45:14.117,3
2025-04-01 00:45:14.137,2
2025-04-01 00:45:14.158,2
2025-04-01 00:45:14.175,2
2025-04-01 00:45:14.197,2
2025-04-01 00:45:14.213,2
2025-04-01 00:45:14.227,1
2025-04-01 00:45:14.241,1
2025-04-01 00:45:14.255,2
2025-04-01 00:45:14.274,2
2025-04-01 00:45:14.298,2
2025-04-01 00:45:14.319,2
2025-04-01 00:45:14.338,2
2025-04-01 00:45:14.362,3
2025-04-01 00:45:14.387,2
2025-04-01 00:45:14.408,2
2025-04-01 00:45:14.427,2
2025-04-01 00:45:14.449,3
2025-04-01 00:45:14.465,1
2025-04-01 00:45:14.485,2
2025-04-01 00:45:14.504,2
2025-04-01 00:45:14.522,2
2025-04-01 00:45:14.542,2
2025-04-01 00:45:14.559,2
2025-04-01 00:45:14.579,2
2025-04-01 00:45:14.597,2
2025-04-01 00:45:14.612,1
2025-04-01 00:45:14.631,2
2025-04-01 00:45:14.651,2
2025-04-01 00:45:14.671,2
2025-04-01 00:45:14.692,3
2025-04-01 00:45:14.707,1
2025-04-01 00:45:14.724,2
2025-04-01 00:45:14.741,2
2025-04-01 00:45:14.758,1
2025-04-01 00:45:14.777,2
2025-04-01 00:45:14.795,2
2025-04-01 00:45:14.814,2
2025-04-01 00:45:14.833,2
2025-04-01 00:45:14.856,2
2025-04-01 00:45:14.880,3
2025-04-01 00:45:14.903,2
2025-04-01 00:45:14.922,2
2025-04-01 00:45:14.939,2
2025-04-01 00:45:14.957,2
2025-04-01 00:45:14.973,1
2025-04-01 00:45:14.993,2
2025-04-01 00:45:15.013,2
2025-04-01 00:45:15.031,2
2025-04-01 00:45:15.050,2
2025-04-01 00:45:15.070,2
2025-04-01 00:45:15.094,3
2025-04-01 00:45:15.112,1
2025-04-01 00:45:15.129,1
2025-04-01 00:45:15.147,3
2025-04-01 00:45:15.167,2
2025-04-01 00:45:15.186,2
2025-04-01 00:45:15.203,2
2025-04-01 00:45:15.221,2
2025-04-01 00:45:15.245,2
2025-04-01 00:45:15.263,2
2025-04-01 00:45:15.278,1
2025-04-01 00:45:15.293,2
2025-04-01 00:45:15.308,2
2025-04-01 00:45:15.329,1
2025-04-01 00:45:15.346,2
2025-04-01 00:45:15.366,3
2025-04-01 00:45:15.389,2
2025-04-01 00:45:15.405,1
2025-04-01 00:45:15.420,2
2025-04-01 00:45:15.446,3
2025-04-01 00:45:15.468,2
2025-04-01 00:45:15.488,2
2025-04-01 00:45:15.506,2
2025-04-01 00:45:15.526,1
2025-04-01 00:45:15.543,2
2025-04-01 00:45:15.565,3
2025-04-01 00:45:15.580,1
2025-04-01 00:45:15.600,2
2025-04-01 00:45:15.620,2
2025-04-01 00:45:15.638,2
2025-04-01 00:45:15.657,2
2025-04-01 00:45:15.679,2
2025-04-01 00:45:15.697,2
2025-04-01 00:45:15.714,2
2025-04-01 00:45:15.733,2
2025-04-01 00:45:15.757,3
2025-04-01 00:45:15.772,1
2025-04-01 00:45:15.790,2
2025-04-01 00:45:15.811,2
2025-04-01 00:45:15.831,2
2025-04-01 00:45:15.849,2
2025-04-01 00:45:15.871,2
2025-04-01 00:45:15.890,2
2025-04-01 00:45:15.907,2
2025-04-01 00:45:15.924,2
2025-04-01 00:45:15.941,1
2025-04-01 00:45:15.962,2
2025-04-01 00:45:15.982,3
2025-04-01 00:45:16.013,3
2025-04-01 00:45:16.032,2
2025-04-01 00:45:16.056,2
2025-04-01 00:45:16.078,2
2025-04-01 00:45:16.100,3
2025-04-01 00:45:16.120,2
2025-04-01 00:45:16.137,1
2025-04-01 00:45:16.153,2
2025-04-01 00:45:16.168,1
2025-04-01 00:45:16.185,2
2025-04-01 00:45:16.208,3
2025-04-01 00:45:16.229,2
2025-04-01 00:45:16.247,2
2025-04-01 00:45:16.268,2
2025-04-01 00:45:16.287,2
2025-04-01 00:45:16.307,2
2025-04-01 00:45:16.322,1
2025-04-01 00:45:16.338,2
2025-04-01 00:45:16.357,2
2025-04-01 00:45:16.378,2
2025-04-01 00:45:16.395,2
2025-04-01 00:45:16.416,2
2025-04-01 00:45:16.439,2
2025-04-01 00:45:16.458,2
2025-04-01 00:45:16.480,3
2025-04-01 00:45:16.503,2
2025-04-01 00:45:16.522,2
2025-04-01 00:45:16.540,1
2025-04-01 00:45:16.554,2
2025-04-01 00:45:16.572,2
2025-04-01 00:45:16.588,2
2025-04-01 00:45:16.608,2
2025-04-01 00:45:16.624,1
2025-04-01 00:45:16.640,2
2025-04-01 00:45:16.657,2
2025-04-01 00:45:16.676,2
2025-04-01 00:45:16.693,2
2025-04-01 00:45:16.713,1
2025-04-01 00:45:16.729,2
2025-04-01 00:45:16.748,2
2025-04-01 00:45:16.764,2
2025-04-01 00:45:16.782,2
2025-04-01 00:45:16.802,1
2025-04-01 00:45:16.816,2
2025-04-01 00:45:16.829,1
2025-04-01 00:45:16.847,2
2025-04-01 00:45:16.865,2
2025-04-01 00:45:16.887,3
2025-04-01 00:45:16.911,2
2025-04-01 00:45:16.929,1
2025-04-01 00:45:16.945,2
2025-04-01 00:45:16.962,2
2025-04-01 00:45:16.986,3
2025-04-01 00:45:17.004,2
2025-04-01 00:45:17.024,2
2025-04-01 00:45:17.040,1
2025-04-01 00:45:17.055,2
2025-04-01 00:45:17.075,2
2025-04-01 00:45:17.095,2
2025-04-01 00:45:17.113,2
2025-04-01 00:45:17.130,2
2025-04-01 00:45:17.145,1
2025-04-01 00:45:17.162,2
2025-04-01 00:45:17.183,2
2025-04-01 00:45:17.205,2
2025-04-01 00:45:17.221,2
2025-04-01 00:45:17.238,2
2025-04-01 00:45:17.256,1
2025-04-01 00:45:17.272,2
2025-04-01 00:45:17.286,2
2025-04-01 00:45:17.303,1
2025-04-01 00:45:17.319,2
2025-04-01 00:45:17.341,2
2025-04-01 00:45:17.357,2
2025-04-01 00:45:17.371,1
2025-04-01 00:45:17.385,2
2025-04-01 00:45:17.405,2
2025-04-01 00:45:17.424,1
2025-04-01 00:45:17.439,2
2025-04-01 00:45:17.452,1
2025-04-01 00:45:17.469,2
2025-04-01 00:45:17.487,1
2025-04-01 00:45:17.502,2
2025-04-01 00:45:17.528,3
2025-04-01 00:45:17.544,1
2025-04-01 00:45:17.561,2
2025-04-01 00:45:17.580,2
2025-04-01 00:45:17.598,1
2025-04-01 00:45:17.613,2
2025-04-01 00:45:17.629,2
2025-04-01 00:45:17.647,2
2025-04-01 00:45:17.664,2
2025-04-01 00:45:17.681,2
2025-04-01 00:45:17.697,1
2025-04-01 00:45:17.717,2
2025-04-01 00:45:17.737,2
2025-04-01 00:45:17.755,2
2025-04-01 00:45:17.770,2
2025-04-01 00:45:17.787,2
2025-04-01 00:45:17.804,1
2025-04-01 00:45:17.820,2
2025-04-01 00:45:17.836,1
2025-04-01 00:45:17.856,3
2025-04-01 00:45:17.873,1
2025-04-01 00:45:17.890,2
2025-04-01 00:45:17.905,1
2025-04-01 00:45:17.920,2
2025-04-01 00:45:17.934,2
2025-04-01 00:45:17.956,2
2025-04-01 00:45:17.975,2
2025-04-01 00:45:17.992,2
2025-04-01 00:45:18.008,1
2025-04-01 00:45:18.021,2
2025-04-01 00:45:18.036,1
2025-04-01 00:45:18.051,2
2025-04-01 00:45:18.064,1
2025-04-01 00:45:18.077,1
2025-04-01 00:45:18.090,1
2025-04-01 00:45:18.103,2
2025-04-01 00:45:18.125,2
2025-04-01 00:45:18.148,2
2025-04-01 00:45:18.163,1
2025-04-01 00:45:18.181,2
2025-04-01 00:45:18.200,2
2025-04-01 00:45:18.222,3
2025-04-01 00:45:18.240,2
2025-04-01 00:45:18.259,1
2025-04-01 00:45:18.275,2
2025-04-01 00:45:18.290,2
2025-04-01 00:45:18.304,1
2025-04-01 00:45:18.320,2
2025-04-01 00:45:18.338,1
2025-04-01 00:45:18.355,2
2025-04-01 00:45:18.368,2
2025-04-01 00:45:18.382,1
2025-04-01 00:45:18.398,2
2025-04-01 00:45:18.415,1
2025-04-01 00:45:18.430,2
2025-04-01 00:45:18.445,2
2025-04-01 00:45:18.459,1
2025-04-01 00:45:18.473,1
2025-04-01 00:45:18.490,2
2025-04-01 00:45:18.506,2
2025-04-01 00:45:18.519,1
2025-04-01 00:45:18.531,1
2025-04-01 00:45:18.546,2
2025-04-01 00:45:18.561,1
2025-04-01 00:45:18.575,2
2025-04-01 00:45:18.590,1
2025-04-01 00:45:18.607,2
2025-04-01 00:45:18.623,2
2025-04-01 00:45:18.636,1
2025-04-01 00:45:18.649,1
2025-04-01 00:45:18.662,2
2025-04-01 00:45:18.682,2
2025-04-01 00:45:18.699,1
2025-04-01 00:45:18.715,2
2025-04-01 00:45:18.729,1
2025-04-01 00:45:18.745,2
2025-04-01 00:45:18.761,2
2025-04-01 00:45:18.783,2
2025-04-01 00:45:18.802,2
2025-04-01 00:45:18.819,1
2025-04-01 00:45:18.840,2
2025-04-01 00:45:18.859,3
2025-04-01 00:45:18.877,2
2025-04-01 00:45:18.894,1
2025-04-01 00:45:18.909,2
2025-04-01 00:45:18.924,1
2025-04-01 00:45:18.941,2
2025-04-01 00:45:18.958,2
2025-04-01 00:45:18.977,1
2025-04-01 00:45:18.994,2
2025-04-01 00:45:19.012,2
2025-04-01 00:45:19.031,2
2025-04-01 00:45:19.047,2
2025-04-01 00:45:19.064,1
2025-04-01 00:45:19.082,2
2025-04-01 00:45:19.104,3
2025-04-01 00:45:19.124,2
2025-04-01 00:45:19.141,1
2025-04-01 00:45:19.154,2
2025-04-01 00:45:19.167,1
2025-04-01 00:45:19.184,2
2025-04-01 00:45:19.199,1
2025-04-01 00:45:19.216,2
2025-04-01 00:45:19.234,2
2025-04-01 00:45:19.251,1
2025-04-01 00:45:19.267,2
2025-04-01 00:45:19.285,2
2025-04-01 00:45:19.302,2
2025-04-01 00:45:19.321,2
2025-04-01 00:45:19.335,1
2025-04-01 00:45:19.350,1
2025-04-01 00:45:19.363,2
2025-04-01 00:45:19.381,2
2025-04-01 00:45:19.399,2
2025-04-01 00:45:19.421,2
2025-04-01 00:45:19.438,2
2025-04-01 00:45:19.453,1
2025-04-01 00:45:19.469,2
2025-04-01 00:45:19.481,1
2025-04-01 00:45:19.496,2
2025-04-01 00:45:19.513,1
2025-04-01 00:45:19.528,2
2025-04-01 00:45:19.544,2
2025-04-01 00:45:19.566,2
2025-04-01 00:45:19.581,1
2025-04-01 00:45:19.598,2
2025-04-01 00:45:19.611,2
2025-04-01 00:45:19.624,1
2025-04-01 00:45:19.638,1
2025-04-01 00:45:19.655,2
2025-04-01 00:45:19.674,2
2025-04-01 00:45:19.696,2
2025-04-01 00:45:19.718,3
2025-04-01 00:45:19.735,2
2025-04-01 00:45:19.756,1
2025-04-01 00:45:19.773,2
2025-04-01 00:45:19.796,3
2025-04-01 00:45:19.815,2
2025-04-01 00:45:19.832,1
2025-04-01 00:45:19.847,2
2025-04-01 00:45:19.868,2
2025-04-01 00:45:19.890,2
2025-04-01 00:45:19.905,2
2025-04-01 00:45:19.923,2
2025-04-01 00:45:19.944,2
2025-04-01 00:45:19.968,2
2025-04-01 00:45:19.985,2
2025-04-01 00:45:20.001,2
2025-04-01 00:45:20.016,1
2025-04-01 00:45:20.031,2
2025-04-01 00:45:20.045,1
2025-04-01 00:45:20.060,1
2025-04-01 00:45:20.077,2
2025-04-01 00:45:20.093,2
2025-04-01 00:45:20.110,2
2025-04-01 00:45:20.126,2
2025-04-01 00:45:20.141,1
2025-04-01 00:45:20.158,2
2025-04-01 00:45:20.172,1
2025-04-01 00:45:20.185,2
2025-04-01 00:45:20.202,1
2025-04-01 00:45:20.221,2
2025-04-01 00:45:20.239,2
2025-04-01 00:45:20.259,2
2025-04-01 00:45:20.274,2
2025-04-01 00:45:20.289,1
2025-04-01 00:45:20.303,2
2025-04-01 00:45:20.318,2
2025-04-01 00:45:20.333,1
2025-04-01 00:45:20.351,2
2025-04-01 00:45:20.374,2
2025-04-01 00:45:20.394,2
2025-04-01 00:45:20.410,1
2025-04-01 00:45:20.425,2
2025-04-01 00:45:20.441,2
2025-04-01 00:45:20.457,1
2025-04-01 00:45:20.474,2
2025-04-01 00:45:20.490,2
2025-04-01 00:45:20.507,2
2025-04-01 00:45:20.529,2
2025-04-01 00:45:20.547,2
2025-04-01 00:45:20.564,2
2025-04-01 00:45:20.579,1
2025-04-01 00:45:20.596,2
2025-04-01 00:45:20.614,2
2025-04-01 00:45:20.630,1
2025-04-01 00:45:20.648,3
2025-04-01 00:45:20.663,1
2025-04-01 00:45:20.680,2
2025-04-01 00:45:20.693,1
2025-04-01 00:45:20.708,2
2025-04-01 00:45:20.723,1
2025-04-01 00:45:20.741,2
2025-04-01 00:45:20.759,1
2025-04-01 00:45:20.777,1
2025-04-01 00:45:20.800,4
2025-04-01 00:45:20.827,3
2025-04-01 00:45:20.844,2
2025-04-01 00:45:20.863,2
2025-04-01 00:45:20.885,2
2025-04-01 00:45:20.899,1
2025-04-01 00:45:20.918,2
2025-04-01 00:45:20.936,2
2025-04-01 00:45:20.960,3
2025-04-01 00:45:20.976,1
2025-04-01 00:45:20.994,2
2025-04-01 00:45:21.012,2
2025-04-01 00:45:21.029,2
2025-04-01 00:45:21.047,1
2025-04-01 00:45:21.066,2
2025-04-01 00:45:21.086,2
2025-04-01 00:45:21.104,2
2025-04-01 00:45:21.119,2
2025-04-01 00:45:21.137,2
2025-04-01 00:45:21.157,1
2025-04-01 00:45:21.173,2
2025-04-01 00:45:21.190,2
2025-04-01 00:45:21.213,2
2025-04-01 00:45:21.231,2
2025-04-01 00:45:21.256,3
2025-04-01 00:45:21.282,2
2025-04-01 00:45:21.306,3
2025-04-01 00:45:21.327,2
2025-04-01 00:45:21.348,3
2025-04-01 00:45:21.371,2
2025-04-01 00:45:21.391,2
2025-04-01 00:45:21.405,1
2025-04-01 00:45:21.424,2
2025-04-01 00:45:21.440,2
2025-04-01 00:45:21.454,1
2025-04-01 00:45:21.474,2
2025-04-01 00:45:21.496,3
2025-04-01 00:45:21.519,2
2025-04-01 00:45:21.542,3
2025-04-01 00:45:21.558,1
2025-04-01 00:45:21.574,2
2025-04-01 00:45:21.587,1
2025-04-01 00:45:21.602,2
2025-04-01 00:45:21.615,1
2025-04-01 00:45:21.633,2
2025-04-01 00:45:21.650,1
2025-04-01 00:45:21.671,3
2025-04-01 00:45:21.697,2
2025-04-01 00:45:21.719,2
2025-04-01 00:45:21.740,3
2025-04-01 00:45:21.759,2
2025-04-01 00:45:21.782,2
2025-04-01 00:45:21.802,2
2025-04-01 00:45:21.821,2
2025-04-01 00:45:21.838,2
2025-04-01 00:45:21.852,1
2025-04-01 00:45:21.866,2
2025-04-01 00:45:21.881,1
2025-04-01 00:45:21.895,2
2025-04-01 00:45:21.911,1
2025-04-01 00:45:21.927,2
2025-04-01 00:45:21.942,2
2025-04-01 00:45:21.956,1
2025-04-01 00:45:21.976,2
2025-04-01 00:45:22.000,3
2025-04-01 00:45:22.027,3
2025-04-01 00:45:22.047,1
2025-04-01 00:45:22.066,3
2025-04-01 00:45:22.081,1
2025-04-01 00:45:22.097,2
2025-04-01 00:45:22.112,1
2025-04-01 00:45:22.125,2
2025-04-01 00:45:22.138,1
2025-04-01 00:45:22.152,1
2025-04-01 00:45:22.166,1
2025-04-01 00:45:22.179,2
2025-04-01 00:45:22.202,2
2025-04-01 00:45:22.221,3
2025-04-01 00:45:22.238,1
2025-04-01 00:45:22.257,2
2025-04-01 00:45:22.271,1
2025-04-01 00:45:22.290,2
2025-04-01 00:45:22.307,2
2025-04-01 00:45:22.330,3
2025-04-01 00:45:22.345,1
2025-04-01 00:45:22.361,2
2025-04-01 00:45:22.374,1
2025-04-01 00:45:22.392,2
2025-04-01 00:45:22.413,2
2025-04-01 00:45:22.437,3
2025-04-01 00:45:22.458,2
2025-04-01 00:45:22.475,2
2025-04-01 00:45:22.491,1
2025-04-01 00:45:22.509,2
2025-04-01 00:45:22.523,1
2025-04-01 00:45:22.541,2
2025-04-01 00:45:22.559,2
2025-04-01 00:45:22.585,3
2025-04-01 00:45:22.606,2
2025-04-01 00:45:22.627,2
2025-04-01 00:45:22.641,1
2025-04-01 00:45:22.659,3
2025-04-01 00:45:22.685,2
2025-04-01 00:45:22.701,2
2025-04-01 00:45:22.715,1
2025-04-01 00:45:22.731,2
2025-04-01 00:45:22.748,2
2025-04-01 00:45:22.763,1
2025-04-01 00:45:22.776,1
2025-04-01 00:45:22.790,2
2025-04-01 00:45:22.802,1
2025-04-01 00:45:22.817,1
2025-04-01 00:45:22.835,3
2025-04-01 00:45:22.866,2
2025-04-01 00:45:22.887,3
2025-04-01 00:45:22.904,1
2025-04-01 00:45:22.925,2
2025-04-01 00:45:22.943,2
2025-04-01 00:45:22.958,2
2025-04-01 00:45:22.975,2
2025-04-01 00:45:22.993,1
2025-04-01 00:45:23.009,2
2025-04-01 00:45:23.027,2
2025-04-01 00:45:23.045,2
2025-04-01 00:45:23.073,3
2025-04-01 00:45:23.093,1
2025-04-01 00:45:23.111,2
2025-04-01 00:45:23.125,1
2025-04-01 00:45:23.141,1
2025-04-01 00:45:23.155,2
2025-04-01 00:45:23.170,2
2025-04-01 00:45:23.190,2
2025-04-01 00:45:23.210,2
2025-04-01 00:45:23.235,3
2025-04-01 00:45:23.261,2
2025-04-01 00:45:23.282,2
2025-04-01 00:45:23.304,3
2025-04-01 00:45:23.322,1
2025-04-01 00:45:23.337,2
2025-04-01 00:45:23.360,3
2025-04-01 00:45:23.378,1
2025-04-01 00:45:23.395,2
2025-04-01 00:45:23.410,2
2025-04-01 00:45:23.425,1
2025-04-01 00:45:23.441,2
2025-04-01 00:45:23.459,2
2025-04-01 00:45:23.474,1
2025-04-01 00:45:23.489,2
2025-04-01 00:45:23.508,1
2025-04-01 00:45:23.522,2
2025-04-01 00:45:23.537,2
2025-04-01 00:45:23.559,2
2025-04-01 00:45:23.577,2
2025-04-01 00:45:23.598,2
2025-04-01 00:45:23.624,3
2025-04-01 00:45:23.647,2
2025-04-01 00:45:23.667,2
2025-04-01 00:45:23.683,2
2025-04-01 00:45:23.699,1
2025-04-01 00:45:23.714,1
2025-04-01 00:45:23.730,3
2025-04-01 00:45:23.760,3
2025-04-01 00:45:23.782,2
2025-04-01 00:45:23.802,2
2025-04-01 00:45:23.820,1
2025-04-01 00:45:23.837,3
2025-04-01 00:45:23.857,2
2025-04-01 00:45:23.876,2
2025-04-01 00:45:23.892,1
2025-04-01 00:45:23.910,3
2025-04-01 00:45:23.928,1
2025-04-01 00:45:23.944,2
2025-04-01 00:45:23.959,1
2025-04-01 00:45:23.980,3
2025-04-01 00:45:24.001,2
2025-04-01 00:45:24.027,3
2025-04-01 00:45:24.050,2
2025-04-01 00:45:24.070,2
2025-04-01 00:45:24.087,2
2025-04-01 00:45:24.101,1
2025-04-01 00:45:24.117,2
2025-04-01 00:45:24.134,1
2025-04-01 00:45:24.151,2
2025-04-01 00:45:24.169,2
2025-04-01 00:45:24.183,1
2025-04-01 00:45:24.205,2
2025-04-01 00:45:24.223,2
2025-04-01 00:45:24.246,3
2025-04-01 00:45:24.261,1
2025-04-01 00:45:24.276,1
2025-04-01 00:45:24.293,3
2025-04-01 00:45:24.311,1
2025-04-01 00:45:24.327,2
2025-04-01 00:45:24.341,2
2025-04-01 00:45:24.359,1
2025-04-01 00:45:24.376,2
2025-04-01 00:45:24.393,2
2025-04-01 00:45:24.411,2
2025-04-01 00:45:24.430,2
2025-04-01 00:45:24.449,2
2025-04-01 00:45:24.468,1
2025-04-01 00:45:24.488,3
2025-04-01 00:45:24.503,1
2025-04-01 00:45:24.518,2
2025-04-01 00:45:24.535,1
2025-04-01 00:45:24.552,2
2025-04-01 00:45:24.575,3
2025-04-01 00:45:24.602,2
2025-04-01 00:45:24.624,2
2025-04-01 00:45:24.640,2
2025-04-01 00:45:24.654,2
2025-04-01 00:45:24.670,2
2025-04-01 00:45:24.684,1
2025-04-01 00:45:24.700,2
2025-04-01 00:45:24.720,2
2025-04-01 00:45:24.739,1
2025-04-01 00:45:24.755,2
2025-04-01 00:45:24.775,2
2025-04-01 00:45:24.800,3
2025-04-01 00:45:24.822,2
2025-04-01 00:45:24.840,2
2025-04-01 00:45:24.859,2
2025-04-01 00:45:24.883,3
2025-04-01 00:45:24.904,2
2025-04-01 00:45:24.922,1
2025-04-01 00:45:24.941,3
2025-04-01 00:45:24.957,1
2025-04-01 00:45:24.975,2
2025-04-01 00:45:24.995,2
2025-04-01 00:45:25.013,2
2025-04-01 00:45:25.037,2
2025-04-01 00:45:25.060,3
2025-04-01 00:45:25.077,2
2025-04-01 00:45:25.094,1
2025-04-01 00:45:25.110,2
2025-04-01 00:45:25.130,2
2025-04-01 00:45:25.147,2
2025-04-01 00:45:25.160,1
2025-04-01 00:45:25.180,2
2025-04-01 00:45:25.194,2
2025-04-01 00:45:25.208,1
2025-04-01 00:45:25.223,2
2025-04-01 00:45:25.242,2
2025-04-01 00:45:25.259,1
2025-04-01 00:45:25.272,2
2025-04-01 00:45:25.286,1
2025-04-01 00:45:25.303,2
2025-04-01 00:45:25.324,2
2025-04-01 00:45:25.345,2
2025-04-01 00:45:25.359,2
2025-04-01 00:45:25.380,2
2025-04-01 00:45:25.398,2
2025-04-01 00:45:25.412,1
2025-04-01 00:45:25.425,1
2025-04-01 00:45:25.442,2
2025-04-01 00:45:25.459,2
2025-04-01 00:45:25.482,2
2025-04-01 00:45:25.501,2
2025-04-01 00:45:25.516,1
2025-04-01 00:45:25.536,3
2025-04-01 00:45:25.553,1
2025-04-01 00:45:25.575,2
2025-04-01 00:45:25.599,3
2025-04-01 00:45:25.616,2
2025-04-01 00:45:25.635,2
2025-04-01 00:45:25.650,1
2025-04-01 00:45:25.667,2
2025-04-01 00:45:25.683,2
2025-04-01 00:45:25.706,2
2025-04-01 00:45:25.719,1
2025-04-01 00:45:25.736,2
2025-04-01 00:45:25.751,2
2025-04-01 00:45:25.766,1
2025-04-01 00:45:25.783,2
2025-04-01 00:45:25.804,2
2025-04-01 00:45:25.822,2
2025-04-01 00:45:25.840,2
2025-04-01 00:45:25.857,2
2025-04-01 00:45:25.870,1
2025-04-01 00:45:25.889,2
2025-04-01 00:45:25.905,1
2025-04-01 00:45:25.921,2
2025-04-01 00:45:25.942,2
2025-04-01 00:45:25.962,2
2025-04-01 00:45:25.978,1
2025-04-01 00:45:25.997,2
2025-04-01 00:45:26.013,2
2025-04-01 00:45:26.031,2
2025-04-01 00:45:26.049,2
2025-04-01 00:45:26.070,2
2025-04-01 00:45:26.087,2
2025-04-01 00:45:26.106,1
2025-04-01 00:45:26.124,2
2025-04-01 00:45:26.138,2
2025-04-01 00:45:26.160,2
2025-04-01 00:45:26.178,2
2025-04-01 00:45:26.194,1
2025-04-01 00:45:26.215,3
2025-04-01 00:45:26.231,1
2025-04-01 00:45:26.252,2
2025-04-01 00:45:26.270,2
2025-04-01 00:45:26.289,2
2025-04-01 00:45:26.308,2
2025-04-01 00:45:26.324,2
2025-04-01 00:45:26.342,2
2025-04-01 00:45:26.358,1
2025-04-01 00:45:26.377,2
2025-04-01 00:45:26.395,2
2025-04-01 00:45:26.415,2
2025-04-01 00:45:26.438,2
2025-04-01 00:45:26.462,3
2025-04-01 00:45:26.479,2
2025-04-01 00:45:26.498,1
2025-04-01 00:45:26.515,2
2025-04-01 00:45:26.532,2
2025-04-01 00:45:26.551,2
2025-04-01 00:45:26.568,2
2025-04-01 00:45:26.590,2
2025-04-01 00:45:26.610,2
2025-04-01 00:45:26.630,2
2025-04-01 00:45:26.649,2
2025-04-01 00:45:26.672,3
2025-04-01 00:45:26.695,2
2025-04-01 00:45:26.716,1
2025-04-01 00:45:26.735,3
2025-04-01 00:45:26.750,2
2025-04-01 00:45:26.769,2
2025-04-01 00:45:26.788,2
2025-04-01 00:45:26.805,1
2025-04-01 00:45:26.825,2
2025-04-01 00:45:26.845,3
2025-04-01 00:45:26.873,3
2025-04-01 00:45:26.895,2
2025-04-01 00:45:26.913,2
2025-04-01 00:45:26.928,1
2025-04-01 00:45:26.943,2
2025-04-01 00:45:26.963,2
2025-04-01 00:45:26.991,3
2025-04-01 00:45:27.010,1
2025-04-01 00:45:27.024,1
2025-04-01 00:45:27.038,2
2025-04-01 00:45:27.054,2
2025-04-01 00:45:27.073,2
2025-04-01 00:45:27.096,2
2025-04-01 00:45:27.112,2
2025-04-01 00:45:27.126,1
2025-04-01 00:45:27.142,2
2025-04-01 00:45:27.163,2
2025-04-01 00:45:27.184,2
2025-04-01 00:45:27.201,2
2025-04-01 00:45:27.218,2
2025-04-01 00:45:27.232,1
2025-04-01 00:45:27.247,2
2025-04-01 00:45:27.263,2
2025-04-01 00:45:27.282,2
2025-04-01 00:45:27.299,1
2025-04-01 00:45:27.313,2
2025-04-01 00:45:27.328,1
2025-04-01 00:45:27.345,2
2025-04-01 00:45:27.368,2
2025-04-01 00:45:27.385,2
2025-04-01 00:45:27.404,2
2025-04-01 00:45:27.424,2
2025-04-01 00:45:27.442,2
2025-04-01 00:45:27.456,1
2025-04-01 00:45:27.471,2
2025-04-01 00:45:27.488,1
2025-04-01 00:45:27.506,2
2025-04-01 00:45:27.526,3
2025-04-01 00:45:27.541,1
2025-04-01 00:45:27.561,2
2025-04-01 00:45:27.578,2
2025-04-01 00:45:27.601,2
2025-04-01 00:45:27.619,2
2025-04-01 00:45:27.639,2
2025-04-01 00:45:27.655,2
2025-04-01 00:45:27.671,2
2025-04-01 00:45:27.685,1
2025-04-01 00:45:27.699,1
2025-04-01 00:45:27.713,2
2025-04-01 00:45:27.726,1
2025-04-01 00:45:27.742,2
2025-04-01 00:45:27.764,2
2025-04-01 00:45:27.787,2
2025-04-01 00:45:27.807,2
2025-04-01 00:45:27.824,2
2025-04-01 00:45:27.844,2
2025-04-01 00:45:27.861,2
2025-04-01 00:45:27.881,2
2025-04-01 00:45:27.898,2
2025-04-01 00:45:27.917,2
2025-04-01 00:45:27.931,1
2025-04-01 00:45:27.948,2
2025-04-01 00:45:27.966,2
2025-04-01 00:45:27.982,1
2025-04-01 00:45:27.998,2
2025-04-01 00:45:28.019,2
2025-04-01 00:45:28.036,2
2025-04-01 00:45:28.054,2
2025-04-01 00:45:28.071,1
2025-04-01 00:45:28.085,1
2025-04-01 00:45:28.103,2
2025-04-01 00:45:28.128,3
2025-04-01 00:45:28.149,2
2025-04-01 00:45:28.169,2
2025-04-01 00:45:28.188,2
2025-04-01 00:45:28.206,2
2025-04-01 00:45:28.228,2
2025-04-01 00:45:28.246,2
2025-04-01 00:45:28.261,1
2025-04-01 00:45:28.277,2
2025-04-01 00:45:28.290,2
2025-04-01 00:45:28.304,1
2025-04-01 00:45:28.319,1
2025-04-01 00:45:28.337,2
2025-04-01 00:45:28.351,2
2025-04-01 00:45:28.369,2
2025-04-01 00:45:28.388,2
2025-04-01 00:45:28.402,1
2025-04-01 00:45:28.417,1
2025-04-01 00:45:28.431,2
2025-04-01 00:45:28.447,2
2025-04-01 00:45:28.469,2
2025-04-01 00:45:28.487,2
2025-04-01 00:45:28.504,2
2025-04-01 00:45:28.523,2
2025-04-01 00:45:28.545,2
2025-04-01 00:45:28.567,2
2025-04-01 00:45:28.585,2
2025-04-01 00:45:28.605,2
2025-04-01 00:45:28.623,2
2025-04-01 00:45:28.641,2
2025-04-01 00:45:28.656,2
2025-04-01 00:45:28.670,1
2025-04-01 00:45:28.684,1
2025-04-01 00:45:28.698,2
2025-04-01 00:45:28.715,2
2025-04-01 00:45:28.730,1
2025-04-01 00:45:28.745,2
2025-04-01 00:45:28.764,1
2025-04-01 00:45:28.777,2
2025-04-01 00:45:28.791,2
2025-04-01 00:45:28.814,2
2025-04-01 00:45:28.831,2
2025-04-01 00:45:28.854,2
2025-04-01 00:45:28.875,2
2025-04-01 00:45:28.899,3
2025-04-01 00:45:28.924,2
2025-04-01 00:45:28.944,2
2025-04-01 00:45:28.969,3
2025-04-01 00:45:28.989,2
2025-04-01 00:45:29.007,2
2025-04-01 00:45:29.028,2
2025-04-01 00:45:29.048,2
2025-04-01 00:45:29.070,2
2025-04-01 00:45:29.092,3
2025-04-01 00:45:29.107,1
2025-04-01 00:45:29.123,2
2025-04-01 00:45:29.137,1
2025-04-01 00:45:29.155,2
2025-04-01 00:45:29.172,2
2025-04-01 00:45:29.193,2
2025-04-01 00:45:29.214,2
2025-04-01 00:45:29.234,2
2025-04-01 00:45:29.255,2
2025-04-01 00:45:29.271,2
2025-04-01 00:45:29.289,1
2025-04-01 00:45:29.306,3
2025-04-01 00:45:29.321,1
2025-04-01 00:45:29.337,2
2025-04-01 00:45:29.360,2
2025-04-01 00:45:29.376,2
2025-04-01 00:45:29.396,2
2025-04-01 00:45:29.412,1
2025-04-01 00:45:29.431,2
2025-04-01 00:45:29.446,2
2025-04-01 00:45:29.462,1
2025-04-01 00:45:29.478,2
2025-04-01 00:45:29.496,2
2025-04-01 00:45:29.514,2
2025-04-01 00:45:29.533,2
2025-04-01 00:45:29.553,2
2025-04-01 00:45:29.575,1
2025-04-01 00:45:29.592,3
2025-04-01 00:45:29.610,2
2025-04-01 00:45:29.627,2
2025-04-01 00:45:29.643,1
2025-04-01 00:45:29.668,3
2025-04-01 00:45:29.686,2
2025-04-01 00:45:29.702,1
2025-04-01 00:45:29.717,2
2025-04-01 00:45:29.737,2
2025-04-01 00:45:29.755,2
2025-04-01 00:45:29.774,2
2025-04-01 00:45:29.791,1
2025-04-01 00:45:29.809,2
2025-04-01 00:45:29.826,2
2025-04-01 00:45:29.844,2
2025-04-01 00:45:29.858,1
2025-04-01 00:45:29.874,2
2025-04-01 00:45:29.893,2
2025-04-01 00:45:29.915,2
2025-04-01 00:45:29.935,2
2025-04-01 00:45:29.960,3
2025-04-01 00:45:29.983,2
2025-04-01 00:45:30.007,3
2025-04-01 00:45:30.033,2
2025-04-01 00:45:30.057,3
2025-04-01 00:45:30.075,1
2025-04-01 00:45:30.090,2
2025-04-01 00:45:30.105,2
2025-04-01 00:45:30.128,2
2025-04-01 00:45:30.151,2
2025-04-01 00:45:30.169,2
2025-04-01 00:45:30.188,2
2025-04-01 00:45:30.206,2
2025-04-01 00:45:30.224,2
2025-04-01 00:45:30.243,2
2025-04-01 00:45:30.262,2
2025-04-01 00:45:30.277,1
2025-04-01 00:45:30.298,2
2025-04-01 00:45:30.316,2
2025-04-01 00:45:30.339,3
2025-04-01 00:45:30.364,2
2025-04-01 00:45:30.383,2
2025-04-01 00:45:30.403,2
2025-04-01 00:45:30.423,2
2025-04-01 00:45:30.441,2
2025-04-01 00:45:30.458,2
2025-04-01 00:45:30.475,2
2025-04-01 00:45:30.490,1
2025-04-01 00:45:30.508,2
2025-04-01 00:45:30.526,2
2025-04-01 00:45:30.544,2
2025-04-01 00:45:30.561,2
2025-04-01 00:45:30.577,1
2025-04-01 00:45:30.592,2
2025-04-01 00:45:30.606,1
2025-04-01 00:45:30.622,2
2025-04-01 00:45:30.640,2
2025-04-01 00:45:30.654,1
2025-04-01 00:45:30.669,2
2025-04-01 00:45:30.688,2
2025-04-01 00:45:30.705,1
2025-04-01 00:45:30.721,2
2025-04-01 00:45:30.737,2
2025-04-01 00:45:30.758,2
2025-04-01 00:45:30.778,2
2025-04-01 00:45:30.791,1
2025-04-01 00:45:30.805,2
2025-04-01 00:45:30.818,1
2025-04-01 00:45:30.835,2
2025-04-01 00:45:30.858,3
2025-04-01 00:45:30.872,1
2025-04-01 00:45:30.886,1
2025-04-01 00:45:30.901,2
2025-04-01 00:45:30.915,2
2025-04-01 00:45:30.928,1
2025-04-01 00:45:30.945,1
2025-04-01 00:45:30.963,3
2025-04-01 00:45:30.990,2
2025-04-01 00:45:31.013,3
2025-04-01 00:45:31.029,1
2025-04-01 00:45:31.045,2
2025-04-01 00:45:31.060,1
2025-04-01 00:45:31.076,2
2025-04-01 00:45:31.099,2
2025-04-01 00:45:31.119,2
2025-04-01 00:45:31.140,3
2025-04-01 00:45:31.157,2
2025-04-01 00:45:31.179,2
2025-04-01 00:45:31.198,2
2025-04-01 00:45:31.218,1
2025-04-01 00:45:31.233,2
2025-04-01 00:45:31.255,3
2025-04-01 00:45:31.281,2
2025-04-01 00:45:31.298,2
2025-04-01 00:45:31.319,2
2025-04-01 00:45:31.336,2
2025-04-01 00:45:31.352,2
2025-04-01 00:45:31.372,2
2025-04-01 00:45:31.391,2
2025-04-01 00:45:31.405,1
2025-04-01 00:45:31.418,1
2025-04-01 00:45:31.431,2
2025-04-01 00:45:31.451,1
2025-04-01 00:45:31.463,1
2025-04-01 00:45:31.476,1
2025-04-01 00:45:31.489,1
2025-04-01 00:45:31.503,2
2025-04-01 00:45:31.523,2
2025-04-01 00:45:31.540,2
2025-04-01 00:45:31.560,2
2025-04-01 00:45:31.579,3
2025-04-01 00:45:31.603,2
2025-04-01 00:45:31.628,3
2025-04-01 00:45:31.650,2
2025-04-01 00:45:31.667,2
2025-04-01 00:45:31.683,2
2025-04-01 00:45:31.699,1
2025-04-01 00:45:31.714,2
2025-04-01 00:45:31.735,2
2025-04-01 00:45:31.750,1
2025-04-01 00:45:31.775,3
2025-04-01 00:45:31.806,3
2025-04-01 00:45:31.827,2
2025-04-01 00:45:31.847,2
2025-04-01 00:45:31.863,2
2025-04-01 00:45:31.881,2
2025-04-01 00:45:31.895,1
2025-04-01 00:45:31.912,2
2025-04-01 00:45:31.925,1
2025-04-01 00:45:31.941,2
2025-04-01 00:45:31.964,2
2025-04-01 00:45:31.980,2
2025-04-01 00:45:32.000,2
2025-04-01 00:45:32.021,2
2025-04-01 00:45:32.037,2
2025-04-01 00:45:32.055,1
2025-04-01 00:45:32.073,2
2025-04-01 00:45:32.089,2
2025-04-01 00:45:32.105,1
2025-04-01 00:45:32.123,3
2025-04-01 00:45:32.142,1
2025-04-01 00:45:32.162,3
2025-04-01 00:45:32.180,1
2025-04-01 00:45:32.197,2
2025-04-01 00:45:32.214,2
2025-04-01 00:45:32.229,2
2025-04-01 00:45:32.248,1
2025-04-01 00:45:32.263,2
2025-04-01 00:45:32.282,2
2025-04-01 00:45:32.296,1
2025-04-01 00:45:32.312,2
2025-04-01 00:45:32.326,1
2025-04-01 00:45:32.340,1
2025-04-01 00:45:32.354,2
2025-04-01 00:45:32.379,2
2025-04-01 00:45:32.400,3
2025-04-01 00:45:32.417,1
2025-04-01 00:45:32.435,2
2025-04-01 00:45:32.450,2
2025-04-01 00:45:32.470,2
2025-04-01 00:45:32.493,2
2025-04-01 00:45:32.512,2
2025-04-01 00:45:32.527,2
2025-04-01 00:45:32.545,2
2025-04-01 00:45:32.563,1
2025-04-01 00:45:32.582,2
2025-04-01 00:45:32.603,2
2025-04-01 00:45:32.619,2
2025-04-01 00:45:32.636,2
2025-04-01 00:45:32.651,1
2025-04-01 00:45:32.668,2
2025-04-01 00:45:32.691,3
2025-04-01 00:45:32.707,1
2025-04-01 00:45:32.722,2
2025-04-01 00:45:32.739,1
2025-04-01 00:45:32.756,2
2025-04-01 00:45:32.774,2
2025-04-01 00:45:32.788,1
2025-04-01 00:45:32.801,1
2025-04-01 00:45:32.973,1
2025-04-01 00:45:32.987,1
2025-04-01 00:45:32.999,1
2025-04-01 00:45:33.012,2
2025-04-01 00:45:33.026,1
2025-04-01 00:45:33.041,2
2025-04-01 00:45:33.055,1
2025-04-01 00:45:33.069,2
2025-04-01 00:45:33.154,2
2025-04-01 00:45:33.173,9
2025-04-01 00:45:33.215,4
2025-04-01 00:45:33.238,2
2025-04-01 00:45:33.253,1
2025-04-01 00:45:33.269,2
2025-04-01 00:45:33.291,3
2025-04-01 00:45:33.308,1
2025-04-01 00:45:33.323,2
2025-04-01 00:45:33.343,2
2025-04-01 00:45:33.360,2
2025-04-01 00:45:33.380,2
2025-04-01 00:45:33.399,2
2025-04-01 00:45:33.415,2
2025-04-01 00:45:33.429,1
2025-04-01 00:45:33.441,1
2025-04-01 00:45:33.455,2
2025-04-01 00:45:33.468,1
2025-04-01 00:45:33.484,2
2025-04-01 00:45:33.499,1
2025-04-01 00:45:33.516,2
2025-04-01 00:45:33.533,2
2025-04-01 00:45:33.551,1
2025-04-01 00:45:33.567,2
2025-04-01 00:45:33.581,2
2025-04-01 00:45:33.596,1
2025-04-01 00:45:33.613,2
2025-04-01 00:45:33.632,2
2025-04-01 00:45:33.650,2
2025-04-01 00:45:33.663,1
2025-04-01 00:45:33.678,2
2025-04-01 00:45:33.701,2
2025-04-01 00:45:33.718,1
2025-04-01 00:45:33.734,3
2025-04-01 00:45:33.749,1
2025-04-01 00:45:33.765,2
2025-04-01 00:45:33.777,1
2025-04-01 00:45:33.792,1
2025-04-01 00:45:33.808,2
2025-04-01 00:45:33.825,2
2025-04-01 00:45:33.846,2
2025-04-01 00:45:33.864,2
2025-04-01 00:45:33.882,2
2025-04-01 00:45:33.900,2
2025-04-01 00:45:33.915,1
2025-04-01 00:45:33.932,2
2025-04-01 00:45:33.947,2
2025-04-01 00:45:33.960,1
2025-04-01 00:45:33.978,2
2025-04-01 00:45:34.003,3
2025-04-01 00:45:34.023,2
2025-04-01 00:45:34.038,1
2025-04-01 00:45:34.054,2
2025-04-01 00:45:34.072,2
2025-04-01 00:45:34.093,2
2025-04-01 00:45:34.111,2
2025-04-01 00:45:34.124,1
2025-04-01 00:45:34.138,2
2025-04-01 00:45:34.150,1
2025-04-01 00:45:34.165,1
2025-04-01 00:45:34.179,2
2025-04-01 00:45:34.198,2
2025-04-01 00:45:34.227,3
2025-04-01 00:45:34.246,2
2025-04-01 00:45:34.264,2
2025-04-01 00:45:34.277,1
2025-04-01 00:45:34.294,2
2025-04-01 00:45:34.309,1
2025-04-01 00:45:34.324,2
2025-04-01 00:45:34.336,1
2025-04-01 00:45:34.352,2
2025-04-01 00:45:34.372,2
2025-04-01 00:45:34.394,2
2025-04-01 00:45:34.413,2
2025-04-01 00:45:34.433,2
2025-04-01 00:45:34.452,2
2025-04-01 00:45:34.478,3
2025-04-01 00:45:34.494,1
2025-04-01 00:45:34.512,2
2025-04-01 00:45:34.533,2
2025-04-01 00:45:34.556,3
2025-04-01 00:45:34.578,2
2025-04-01 00:45:34.597,2
2025-04-01 00:45:34.613,2
2025-04-01 00:45:34.629,1
2025-04-01 00:45:34.648,2
2025-04-01 00:45:34.669,2
2025-04-01 00:45:34.686,2
2025-04-01 00:45:34.705,2
2025-04-01 00:45:34.721,2
2025-04-01 00:45:34.737,1
2025-04-01 00:45:34.755,2
2025-04-01 00:45:34.773,2
2025-04-01 00:45:34.793,2
2025-04-01 00:45:34.813,2
2025-04-01 00:45:34.831,2
2025-04-01 00:45:34.850,2
2025-04-01 00:45:34.867,2
2025-04-01 00:45:34.882,1
2025-04-01 00:45:34.898,2
2025-04-01 00:45:34.914,2
2025-04-01 00:45:34.935,2
2025-04-01 00:45:34.956,2
2025-04-01 00:45:34.976,2
2025-04-01 00:45:34.992,2
2025-04-01 00:45:35.007,1
2025-04-01 00:45:35.024,2
2025-04-01 00:45:35.036,1
2025-04-01 00:45:35.051,2
2025-04-01 00:45:35.067,2
2025-04-01 00:45:35.080,1
2025-04-01 00:45:35.096,1
2025-04-01 00:45:35.112,2
2025-04-01 00:45:35.131,2
2025-04-01 00:45:35.147,2
2025-04-01 00:45:35.164,1
2025-04-01 00:45:35.180,2
2025-04-01 00:45:35.194,1
2025-04-01 00:45:35.211,2
2025-04-01 00:45:35.230,2
2025-04-01 00:45:35.245,2
2025-04-01 00:45:35.307,2
2025-04-01 00:45:35.330,6
2025-04-01 00:45:35.374,5
2025-04-01 00:45:35.405,3
2025-04-01 00:45:35.429,2
2025-04-01 00:45:35.451,3
2025-04-01 00:45:35.467,1
2025-04-01 00:45:35.486,3
2025-04-01 00:45:35.506,2
2025-04-01 00:45:35.527,2
2025-04-01 00:45:35.551,2
2025-04-01 00:45:35.574,2
2025-04-01 00:45:35.597,3
2025-04-01 00:45:35.619,3
2025-04-01 00:45:35.635,1
2025-04-01 00:45:35.653,2
2025-04-01 00:45:35.671,2
2025-04-01 00:45:35.688,1
2025-04-01 00:45:35.704,2
2025-04-01 00:45:35.723,2
2025-04-01 00:45:35.739,2
2025-04-01 00:45:35.759,1
2025-04-01 00:45:35.775,2
2025-04-01 00:45:35.796,2
2025-04-01 00:45:35.818,2
2025-04-01 00:45:35.839,3
2025-04-01 00:45:35.853,1
2025-04-01 00:45:35.869,2
2025-04-01 00:45:35.886,2
2025-04-01 00:45:35.905,1
2025-04-01 00:45:35.924,3
2025-04-01 00:45:35.939,1
2025-04-01 00:45:35.956,2
2025-04-01 00:45:35.972,2
2025-04-01 00:45:35.994,2
2025-04-01 00:45:36.015,2
2025-04-01 00:45:36.037,2
2025-04-01 00:45:36.051,2
2025-04-01 00:45:36.067,2
2025-04-01 00:45:36.081,1
2025-04-01 00:45:36.098,1
2025-04-01 00:45:36.117,3
2025-04-01 00:45:36.145,3
2025-04-01 00:45:36.167,2
2025-04-01 00:45:36.187,2
2025-04-01 00:45:36.206,1
2025-04-01 00:45:36.229,3
2025-04-01 00:45:36.247,2
2025-04-01 00:45:36.263,2
2025-04-01 00:45:36.276,1
2025-04-01 00:45:36.292,2
2025-04-01 00:45:36.311,2
2025-04-01 00:45:36.329,2
2025-04-01 00:45:36.346,1
2025-04-01 00:45:36.363,2
2025-04-01 00:45:36.386,3
2025-04-01 00:45:36.403,1
2025-04-01 00:45:36.420,2
2025-04-01 00:45:36.436,1
2025-04-01 00:45:36.453,2
2025-04-01 00:45:36.476,3
2025-04-01 00:45:36.491,2
2025-04-01 00:45:36.509,1
2025-04-01 00:45:36.527,2
2025-04-01 00:45:36.541,2
2025-04-01 00:45:36.558,1
2025-04-01 00:45:36.573,1
2025-04-01 00:45:36.590,2
2025-04-01 00:45:36.606,2
2025-04-01 00:45:36.631,3
2025-04-01 00:45:36.652,2
2025-04-01 00:45:36.674,2
2025-04-01 00:45:36.689,2
2025-04-01 00:45:36.712,2
2025-04-01 00:45:36.734,2
2025-04-01 00:45:36.753,2
2025-04-01 00:45:36.777,3
2025-04-01 00:45:36.804,3
2025-04-01 00:45:36.826,2
2025-04-01 00:45:36.849,2
2025-04-01 00:45:36.869,3
2025-04-01 00:45:36.884,1
2025-04-01 00:45:36.900,2
2025-04-01 00:45:36.916,2
2025-04-01 00:45:36.932,1
2025-04-01 00:45:36.948,2
2025-04-01 00:45:36.962,1
2025-04-01 00:45:36.979,2
2025-04-01 00:45:37.002,2
2025-04-01 00:45:37.021,2
2025-04-01 00:45:37.037,2
2025-04-01 00:45:37.053,2
2025-04-01 00:45:37.067,1
2025-04-01 00:45:37.080,1
2025-04-01 00:45:37.093,2
2025-04-01 00:45:37.107,1
2025-04-01 00:45:37.122,2
2025-04-01 00:45:37.139,2
2025-04-01 00:45:37.156,1
2025-04-01 00:45:37.169,2
2025-04-01 00:45:37.183,1
2025-04-01 00:45:37.199,2
2025-04-01 00:45:37.225,2
2025-04-01 00:45:37.242,2
2025-04-01 00:45:37.268,3
2025-04-01 00:45:37.289,2
2025-04-01 00:45:37.312,2
2025-04-01 00:45:37.329,2
2025-04-01 00:45:37.344,2
2025-04-01 00:45:37.361,1
2025-04-01 00:45:37.379,2
2025-04-01 00:45:37.398,2
2025-04-01 00:45:37.424,3
2025-04-01 00:45:37.452,3
2025-04-01 00:45:37.475,2
2025-04-01 00:45:37.497,2
2025-04-01 00:45:37.519,3
2025-04-01 00:45:37.536,2
2025-04-01 00:45:37.558,2
2025-04-01 00:45:37.578,2
2025-04-01 00:45:37.594,2
2025-04-01 00:45:37.611,1
2025-04-01 00:45:37.627,1
2025-04-01 00:45:37.648,3
2025-04-01 00:45:37.667,2
2025-04-01 00:45:37.685,2
2025-04-01 00:45:37.700,1
2025-04-01 00:45:37.716,2
2025-04-01 00:45:37.729,1
2025-04-01 00:45:37.745,1
2025-04-01 00:45:37.763,3
2025-04-01 00:45:37.786,2
2025-04-01 00:45:37.808,2
2025-04-01 00:45:37.826,2
2025-04-01 00:45:37.851,3
2025-04-01 00:45:37.870,2
2025-04-01 00:45:37.891,2
2025-04-01 00:45:37.907,1
2025-04-01 00:45:37.924,2
2025-04-01 00:45:37.945,2
2025-04-01 00:45:37.963,2
2025-04-01 00:45:37.984,3
2025-04-01 00:45:38.008,2
2025-04-01 00:45:38.027,2
2025-04-01 00:45:38.041,1
2025-04-01 00:45:38.065,3
2025-04-01 00:45:38.087,2
2025-04-01 00:45:38.115,3
2025-04-01 00:45:38.139,3
2025-04-01 00:45:38.163,2
2025-04-01 00:45:38.183,2
2025-04-01 00:45:38.201,2
2025-04-01 00:45:38.215,1
2025-04-01 00:45:38.231,2
2025-04-01 00:45:38.253,2
2025-04-01 00:45:38.272,2
2025-04-01 00:45:38.289,2
2025-04-01 00:45:38.312,3
2025-04-01 00:45:38.327,1
2025-04-01 00:45:38.342,2
2025-04-01 00:45:38.355,1
2025-04-01 00:45:38.369,1
2025-04-01 00:45:38.384,2
2025-04-01 00:45:38.405,2
2025-04-01 00:45:38.425,2
2025-04-01 00:45:38.441,2
2025-04-01 00:45:38.457,2
2025-04-01 00:45:38.471,1
2025-04-01 00:45:38.485,1
2025-04-01 00:45:38.500,2
2025-04-01 00:45:38.519,2
2025-04-01 00:45:38.537,1
2025-04-01 00:45:38.551,2
2025-04-01 00:45:38.572,2
2025-04-01 00:45:38.590,2
2025-04-01 00:45:38.609,2
2025-04-01 00:45:38.628,2
2025-04-01 00:45:38.649,2
2025-04-01 00:45:38.666,2
2025-04-01 00:45:38.681,1
2025-04-01 00:45:38.698,2
2025-04-01 00:45:38.724,3
2025-04-01 00:45:38.751,2
2025-04-01 00:45:38.769,2
2025-04-01 00:45:38.785,2
2025-04-01 00:45:38.802,2
2025-04-01 00:45:38.818,2
2025-04-01 00:45:38.836,2
2025-04-01 00:45:38.849,1
2025-04-01 00:45:38.863,1
2025-04-01 00:45:38.878,2
2025-04-01 00:45:38.896,2
2025-04-01 00:45:38.916,2
2025-04-01 00:45:38.938,2
2025-04-01 00:45:38.953,2
2025-04-01 00:45:38.972,2
2025-04-01 00:45:38.992,1
2025-04-01 00:45:39.010,2
2025-04-01 00:45:39.027,2
2025-04-01 00:45:39.044,2
2025-04-01 00:45:39.063,1
2025-04-01 00:45:39.083,3
2025-04-01 00:45:39.108,2
2025-04-01 00:45:39.130,3
2025-04-01 00:45:39.153,2
2025-04-01 00:45:39.173,2
2025-04-01 00:45:39.190,2
2025-04-01 00:45:39.203,1
2025-04-01 00:45:39.219,2
2025-04-01 00:45:39.232,1
2025-04-01 00:45:39.245,2
2025-04-01 00:45:39.265,1
2025-04-01 00:45:39.285,2
2025-04-01 00:45:39.302,2
2025-04-01 00:45:39.321,2
2025-04-01 00:45:39.337,2
2025-04-01 00:45:39.350,1
2025-04-01 00:45:39.363,2
2025-04-01 00:45:39.376,1
2025-04-01 00:45:39.393,2
2025-04-01 00:45:39.412,2
2025-04-01 00:45:39.435,2
2025-04-01 00:45:39.454,2
2025-04-01 00:45:39.472,2
2025-04-01 00:45:39.491,2
2025-04-01 00:45:39.506,1
2025-04-01 00:45:39.520,2
2025-04-01 00:45:39.533,1
2025-04-01 00:45:39.546,1
2025-04-01 00:45:39.561,2
2025-04-01 00:45:39.577,2
2025-04-01 00:45:39.599,2
2025-04-01 00:45:39.614,1
2025-04-01 00:45:39.631,2
2025-04-01 00:45:39.647,2
2025-04-01 00:45:39.665,2
2025-04-01 00:45:39.679,1
2025-04-01 00:45:39.694,2
2025-04-01 00:45:39.707,1
2025-04-01 00:45:39.724,2
2025-04-01 00:45:39.747,2
2025-04-01 00:45:39.763,2
2025-04-01 00:45:39.779,2
2025-04-01 00:45:39.793,1
2025-04-01 00:45:39.810,2
2025-04-01 00:45:39.824,1
2025-04-01 00:45:39.841,2
2025-04-01 00:45:39.854,1
2025-04-01 00:45:39.880,3
2025-04-01 00:45:39.911,3
2025-04-01 00:45:39.935,3
2025-04-01 00:45:39.956,2
2025-04-01 00:45:39.972,1
2025-04-01 00:45:39.987,2
2025-04-01 00:45:40.000,1
2025-04-01 00:45:40.017,2
2025-04-01 00:45:40.033,1
2025-04-01 00:45:40.046,2
2025-04-01 00:45:40.058,1
2025-04-01 00:45:40.075,2
2025-04-01 00:45:40.089,1
2025-04-01 00:45:40.104,2
2025-04-01 00:45:40.124,2
2025-04-01 00:45:40.147,2
2025-04-01 00:45:40.163,2
2025-04-01 00:45:40.187,2
2025-04-01 00:45:40.201,1
2025-04-01 00:45:40.217,2
2025-04-01 00:45:40.232,2
2025-04-01 00:45:40.251,2
2025-04-01 00:45:40.275,2
2025-04-01 00:45:40.297,2
2025-04-01 00:45:40.318,2
2025-04-01 00:45:40.336,2
2025-04-01 00:45:40.350,2
2025-04-01 00:45:40.363,1
2025-04-01 00:45:40.376,2
2025-04-01 00:45:40.389,1
2025-04-01 00:45:40.403,1
2025-04-01 00:45:40.415,1
2025-04-01 00:45:40.429,2
2025-04-01 00:45:40.450,2
2025-04-01 00:45:40.468,2
2025-04-01 00:45:40.491,2
2025-04-01 00:45:40.514,2
2025-04-01 00:45:40.536,3
2025-04-01 00:45:40.557,2
2025-04-01 00:45:40.582,3
2025-04-01 00:45:40.603,2
2025-04-01 00:45:40.622,2
2025-04-01 00:45:40.636,1
2025-04-01 00:45:40.649,1
2025-04-01 00:45:40.667,2
2025-04-01 00:45:40.682,2
2025-04-01 00:45:40.696,1
2025-04-01 00:45:40.710,1
2025-04-01 00:45:40.723,2
2025-04-01 00:45:40.740,2
2025-04-01 00:45:40.766,3
2025-04-01 00:45:40.781,1
2025-04-01 00:45:40.802,2
2025-04-01 00:45:40.818,2
2025-04-01 00:45:40.835,2
2025-04-01 00:45:40.849,1
2025-04-01 00:45:40.870,2
2025-04-01 00:45:40.887,2
2025-04-01 00:45:40.907,2
2025-04-01 00:45:40.921,1
2025-04-01 00:45:40.939,3
2025-04-01 00:45:40.959,2
2025-04-01 00:45:40.973,1
2025-04-01 00:45:40.986,1
2025-04-01 00:45:40.998,1
2025-04-01 00:45:41.016,2
2025-04-01 00:45:41.034,2
2025-04-01 00:45:41.050,1
2025-04-01 00:45:41.067,3
2025-04-01 00:45:41.081,1
2025-04-01 00:45:41.097,1
2025-04-01 00:45:41.115,2
2025-04-01 00:45:41.130,2
2025-04-01 00:45:41.148,2
2025-04-01 00:45:41.163,1
2025-04-01 00:45:41.181,2
2025-04-01 00:45:41.205,3
2025-04-01 00:45:41.238,3
2025-04-01 00:45:41.262,2
2025-04-01 00:45:41.277,2
2025-04-01 00:45:41.294,2
2025-04-01 00:45:41.310,1
2025-04-01 00:45:41.325,2
2025-04-01 00:45:41.344,2
2025-04-01 00:45:41.360,2
2025-04-01 00:45:41.378,2
2025-04-01 00:45:41.394,1
2025-04-01 00:45:41.412,2
2025-04-01 00:45:41.430,2
2025-04-01 00:45:41.448,1
2025-04-01 00:45:41.466,2
2025-04-01 00:45:41.484,2
2025-04-01 00:45:41.500,2
2025-04-01 00:45:41.514,1
2025-04-01 00:45:41.528,2
2025-04-01 00:45:41.544,1
2025-04-01 00:45:41.560,2
2025-04-01 00:45:41.578,2
2025-04-01 00:45:41.600,2
2025-04-01 00:45:41.615,1
2025-04-01 00:45:41.635,3
2025-04-01 00:45:41.654,2
2025-04-01 00:45:41.673,2
2025-04-01 00:45:41.694,2
2025-04-01 00:45:41.710,1
2025-04-01 00:45:41.726,2
2025-04-01 00:45:41.742,2
2025-04-01 00:45:41.756,1
2025-04-01 00:45:41.770,1
2025-04-01 00:45:41.784,2
2025-04-01 00:45:41.800,1
2025-04-01 00:45:41.813,1
2025-04-01 00:45:41.836,3
2025-04-01 00:45:41.854,1
2025-04-01 00:45:41.869,2
2025-04-01 00:45:41.884,2
2025-04-01 00:45:41.904,2
2025-04-01 00:45:41.920,2
2025-04-01 00:45:41.939,1
2025-04-01 00:45:41.953,2
2025-04-01 00:45:41.976,2
2025-04-01 00:45:41.995,2
2025-04-01 00:45:42.012,2
2025-04-01 00:45:42.028,2
2025-04-01 00:45:42.042,1
2025-04-01 00:45:42.061,2
2025-04-01 00:45:42.077,2
2025-04-01 00:45:42.091,1
2025-04-01 00:45:42.109,2
2025-04-01 00:45:42.128,2
2025-04-01 00:45:42.145,1
2025-04-01 00:45:42.160,2
2025-04-01 00:45:42.176,2
2025-04-01 00:45:42.193,2
2025-04-01 00:45:42.209,1
2025-04-01 00:45:42.225,2
2025-04-01 00:45:42.244,2
2025-04-01 00:45:42.265,2
2025-04-01 00:45:42.286,2
2025-04-01 00:45:42.306,2
2025-04-01 00:45:42.322,2
2025-04-01 00:45:42.339,1
2025-04-01 00:45:42.354,2
2025-04-01 00:45:42.378,3
2025-04-01 00:45:42.395,2
2025-04-01 00:45:42.414,1
2025-04-01 00:45:42.429,2
2025-04-01 00:45:42.443,2
2025-04-01 00:45:42.459,1
2025-04-01 00:45:42.473,2
2025-04-01 00:45:42.486,1
2025-04-01 00:45:42.501,1
2025-04-01 00:45:42.519,2
2025-04-01 00:45:42.533,2
2025-04-01 00:45:42.554,2
2025-04-01 00:45:42.575,2
2025-04-01 00:45:42.589,1
2025-04-01 00:45:42.604,2
2025-04-01 00:45:42.622,2
2025-04-01 00:45:42.638,2
2025-04-01 00:45:42.657,1
2025-04-01 00:45:42.674,2
2025-04-01 00:45:42.699,3
2025-04-01 00:45:42.720,2
2025-04-01 00:45:42.737,2
2025-04-01 00:45:42.754,2
2025-04-01 00:45:42.768,1
2025-04-01 00:45:42.783,1
2025-04-01 00:45:42.798,1
2025-04-01 00:45:42.813,2
2025-04-01 00:45:42.831,2
2025-04-01 00:45:42.854,2
2025-04-01 00:45:42.869,2
2025-04-01 00:45:42.889,2
2025-04-01 00:45:42.909,2
2025-04-01 00:45:42.927,2
2025-04-01 00:45:42.949,2
2025-04-01 00:45:42.966,2
2025-04-01 00:45:42.987,2
2025-04-01 00:45:43.007,2
2025-04-01 00:45:43.027,2
2025-04-01 00:45:43.045,2
2025-04-01 00:45:43.067,2
2025-04-01 00:45:43.097,3
2025-04-01 00:45:43.122,3
2025-04-01 00:45:43.147,2
2025-04-01 00:45:43.171,3
2025-04-01 00:45:43.190,2
2025-04-01 00:45:43.206,2
2025-04-01 00:45:43.222,1
2025-04-01 00:45:43.240,2
2025-04-01 00:45:43.261,2
2025-04-01 00:45:43.279,2
2025-04-01 00:45:43.302,2
2025-04-01 00:45:43.321,3
2025-04-01 00:45:43.341,2
2025-04-01 00:45:43.356,1
2025-04-01 00:45:43.372,2
2025-04-01 00:45:43.391,2
2025-04-01 00:45:43.410,1
2025-04-01 00:45:43.426,2
2025-04-01 00:45:43.441,2
2025-04-01 00:45:43.457,1
2025-04-01 00:45:43.474,2
2025-04-01 00:45:43.493,2
2025-04-01 00:45:43.513,2
2025-04-01 00:45:43.530,2
2025-04-01 00:45:43.551,2
2025-04-01 00:45:43.571,2
2025-04-01 00:45:43.588,2
2025-04-01 00:45:43.604,2
2025-04-01 00:45:43.620,1
2025-04-01 00:45:43.636,2
2025-04-01 00:45:43.651,2
2025-04-01 00:45:43.668,1
2025-04-01 00:45:43.683,2
2025-04-01 00:45:43.702,2
2025-04-01 00:45:43.717,1
2025-04-01 00:45:43.733,2
2025-04-01 00:45:43.746,1
2025-04-01 00:45:43.761,1
2025-04-01 00:45:43.779,3
2025-04-01 00:45:43.796,1
2025-04-01 00:45:43.812,2
2025-04-01 00:45:43.827,2
2025-04-01 00:45:43.844,2
2025-04-01 00:45:43.860,1
2025-04-01 00:45:43.878,2
2025-04-01 00:45:43.895,2
2025-04-01 00:45:43.916,2
2025-04-01 00:45:43.932,1
2025-04-01 00:45:43.947,2
2025-04-01 00:45:43.963,2
2025-04-01 00:45:43.982,2
2025-04-01 00:45:43.996,1
2025-04-01 00:45:44.011,1
2025-04-01 00:45:44.028,3
2025-04-01 00:45:44.045,1
2025-04-01 00:45:44.060,2
2025-04-01 00:45:44.076,2
2025-04-01 00:45:44.097,2
2025-04-01 00:45:44.118,2
2025-04-01 00:45:44.134,2
2025-04-01 00:45:44.148,1
2025-04-01 00:45:44.164,2
2025-04-01 00:45:44.183,2
2025-04-01 00:45:44.205,2
2025-04-01 00:45:44.220,2
2025-04-01 00:45:44.236,1
2025-04-01 00:45:44.252,2
2025-04-01 00:45:44.272,2
2025-04-01 00:45:44.287,1
2025-04-01 00:45:44.302,2
2025-04-01 00:45:44.322,2
2025-04-01 00:45:44.339,2
2025-04-01 00:45:44.356,2
2025-04-01 00:45:44.376,2
2025-04-01 00:45:44.396,2
2025-04-01 00:45:44.410,1
2025-04-01 00:45:44.423,2
2025-04-01 00:45:44.437,1
2025-04-01 00:45:44.449,1
2025-04-01 00:45:44.462,2
2025-04-01 00:45:44.475,1
2025-04-01 00:45:44.488,1
2025-04-01 00:45:44.509,2
2025-04-01 00:45:44.530,3
2025-04-01 00:45:44.551,2
2025-04-01 00:45:44.572,2
2025-04-01 00:45:44.586,1
2025-04-01 00:45:44.600,2
2025-04-01 00:45:44.612,1
2025-04-01 00:45:44.626,2
2025-04-01 00:45:44.641,1
2025-04-01 00:45:44.659,2
2025-04-01 00:45:44.683,3
2025-04-01 00:45:44.698,1
2025-04-01 00:45:44.718,2
2025-04-01 00:45:44.736,2
2025-04-01 00:45:44.756,2
2025-04-01 00:45:44.776,2
2025-04-01 00:45:44.800,3
2025-04-01 00:45:44.823,2
2025-04-01 00:45:44.841,2
2025-04-01 00:45:44.860,2
2025-04-01 00:45:44.881,2
2025-04-01 00:45:44.900,2
2025-04-01 00:45:44.922,3
2025-04-01 00:45:44.947,2
2025-04-01 00:45:44.969,2
2025-04-01 00:45:44.987,2
2025-04-01 00:45:45.002,2
2025-04-01 00:45:45.019,1
2025-04-01 00:45:45.034,2
2025-04-01 00:45:45.055,2
2025-04-01 00:45:45.071,2
2025-04-01 00:45:45.089,2
2025-04-01 00:45:45.104,1
2025-04-01 00:45:45.121,2
2025-04-01 00:45:45.141,2
2025-04-01 00:45:45.160,2
2025-04-01 00:45:45.185,3
2025-04-01 00:45:45.210,2
2025-04-01 00:45:45.232,2
2025-04-01 00:45:45.254,3
2025-04-01 00:45:45.277,2
2025-04-01 00:45:45.295,2
2025-04-01 00:45:45.313,2
2025-04-01 00:45:45.328,1
2025-04-01 00:45:45.345,2
2025-04-01 00:45:45.368,2
2025-04-01 00:45:45.389,3
2025-04-01 00:45:45.407,2
2025-04-01 00:45:45.428,1
2025-04-01 00:45:45.445,3
2025-04-01 00:45:45.459,1
2025-04-01 00:45:45.479,2
2025-04-01 00:45:45.498,2
2025-04-01 00:45:45.520,2
2025-04-01 00:45:45.542,2
2025-04-01 00:45:45.563,3
2025-04-01 00:45:45.589,2
2025-04-01 00:45:45.612,2
2025-04-01 00:45:45.632,3
2025-04-01 00:45:45.653,2
2025-04-01 00:45:45.676,2
2025-04-01 00:45:45.697,2
2025-04-01 00:45:45.717,2
2025-04-01 00:45:45.736,2
2025-04-01 00:45:45.757,2
2025-04-01 00:45:45.774,2
2025-04-01 00:45:45.788,1
2025-04-01 00:45:45.806,2
2025-04-01 00:45:45.830,3
2025-04-01 00:45:45.851,2
2025-04-01 00:45:45.870,1
2025-04-01 00:45:45.887,2
2025-04-01 00:45:45.901,2
2025-04-01 00:45:45.915,1
2025-04-01 00:45:45.931,2
2025-04-01 00:45:45.951,2
2025-04-01 00:45:45.970,2
2025-04-01 00:45:45.984,1
2025-04-01 00:45:45.998,1
2025-04-01 00:45:46.014,2
2025-04-01 00:45:46.033,2
2025-04-01 00:45:46.056,3
2025-04-01 00:45:46.070,1
2025-04-01 00:45:46.086,1
2025-04-01 00:45:46.105,2
2025-04-01 00:45:46.125,3
2025-04-01 00:45:46.141,1
2025-04-01 00:45:46.157,2
2025-04-01 00:45:46.171,1
2025-04-01 00:45:46.184,2
2025-04-01 00:45:46.201,2
2025-04-01 00:45:46.222,1
2025-04-01 00:45:46.239,2
2025-04-01 00:45:46.254,2
2025-04-01 00:45:46.271,1
2025-04-01 00:45:46.289,3
2025-04-01 00:45:46.315,2
2025-04-01 00:45:46.334,2
2025-04-01 00:45:46.353,2
2025-04-01 00:45:46.371,2
2025-04-01 00:45:46.388,2
2025-04-01 00:45:46.402,1
2025-04-01 00:45:46.416,2
2025-04-01 00:45:46.429,1
2025-04-01 00:45:46.445,2
2025-04-01 00:45:46.459,1
2025-04-01 00:45:46.475,2
2025-04-01 00:45:46.489,1
2025-04-01 00:45:46.505,2
2025-04-01 00:45:46.527,2
2025-04-01 00:45:46.550,3
2025-04-01 00:45:46.570,1
2025-04-01 00:45:46.587,2
2025-04-01 00:45:46.604,2
2025-04-01 00:45:46.627,2
2025-04-01 00:45:46.646,3
2025-04-01 00:45:46.665,2
2025-04-01 00:45:46.681,1
2025-04-01 00:45:46.696,2
2025-04-01 00:45:46.709,1
2025-04-01 00:45:46.725,2
