id,enter_time_str,latency
L8LU7L5Y,2025-03-17 22:50:24.071,498.0
WMXRG0W4,2025-03-17 22:50:24.198,484.0
SXUDU03Z,2025-03-17 22:50:24.263,528.0
913LXEJS,2025-03-17 22:50:24.327,480.0
KV8JW83G,2025-03-17 22:50:24.572,87.0
PENIQ4NZ,2025-03-17 22:50:24.661,166.0
P5UX07IL,2025-03-17 22:50:24.661,166.0
GQZ1X0KY,2025-03-17 22:50:24.684,162.0
1954FX2R,2025-03-17 22:50:24.794,176.0
9IWME5D0,2025-03-17 22:50:24.794,176.0
NT0VVPI6,2025-03-17 22:50:24.811,176.0
RTWU4143,2025-03-17 22:50:24.811,176.0
6H05WMZ2,2025-03-17 22:50:24.895,82.0
EZ87YRZF,2025-03-17 22:50:24.974,138.0
1G2L15LE,2025-03-17 22:50:24.974,138.0
XMDAPONS,2025-03-17 22:50:25.022,79.0
QRSG2ERQ,2025-03-17 22:50:25.085,83.0
37S9DFON,2025-03-17 22:50:25.170,80.0
VVE9KNSS,2025-03-17 22:50:25.211,68.0
SH7IFEPB,2025-03-17 22:50:25.275,67.0
C82BTIZF,2025-03-17 22:50:25.340,67.0
CM9S6E0W,2025-03-17 22:50:25.403,76.0
XLKPPRPQ,2025-03-17 22:50:25.466,63.0
2KL2WPB1,2025-03-17 22:50:25.530,67.0
YRQJG5GR,2025-03-17 22:50:25.593,66.0
RRMLJ2KI,2025-03-17 22:50:25.657,77.0
66GCSXGE,2025-03-17 22:50:25.720,67.0
78V0UQSR,2025-03-17 22:50:25.790,74.0
DYBIHQ12,2025-03-17 22:50:25.846,66.0
G6MKV0WG,2025-03-17 22:50:25.910,63.0
LBMAZQT5,2025-03-17 22:50:25.974,68.0
D7PWH3GJ,2025-03-17 22:50:26.037,65.0
YW1ZEXEB,2025-03-17 22:50:26.101,65.0
C2J6JZ9I,2025-03-17 22:50:26.164,68.0
UVFK1DZL,2025-03-17 22:50:26.228,63.0
5160GTJC,2025-03-17 22:50:26.292,83.0
F2J7JSGW,2025-03-17 22:50:26.354,66.0
1YLSX5ZH,2025-03-17 22:50:26.422,61.0
VUCBXFFV,2025-03-17 22:50:26.483,77.0
K63KRDBZ,2025-03-17 22:50:26.545,70.0
WA238QLH,2025-03-17 22:50:26.609,63.0
HZNWKRNP,2025-03-17 22:50:26.672,65.0
124E3NVF,2025-03-17 22:50:26.735,71.0
NQ52V7MU,2025-03-17 22:50:26.799,62.0
ORKQEB99,2025-03-17 22:50:26.863,80.0
7DCX4EHZ,2025-03-17 22:50:26.925,63.0
8TZDU548,2025-03-17 22:50:26.989,68.0
9IANDDOQ,2025-03-17 22:50:27.052,83.0
6LZJ30QC,2025-03-17 22:50:27.117,62.0
XUFR9KR6,2025-03-17 22:50:27.179,80.0
K0CG2CNX,2025-03-17 22:50:27.243,80.0
45S10M29,2025-03-17 22:50:27.325,80.0
GJOLB8SQ,2025-03-17 22:50:27.371,62.0
EPN2XAAU,2025-03-17 22:50:27.438,70.0
R6A9XXYZ,2025-03-17 22:50:27.510,66.0
VUKU15VK,2025-03-17 22:50:27.560,85.0
RX2W7YHV,2025-03-17 22:50:27.624,64.0
J08CXMV8,2025-03-17 22:50:27.690,71.0
WZVGELH6,2025-03-17 22:50:27.763,72.0
IS2QE9HI,2025-03-17 22:50:27.815,88.0
N2U7X2D2,2025-03-17 22:50:27.905,80.0
GYW59ENT,2025-03-17 22:50:27.987,82.0
BFKIF01D,2025-03-17 22:50:28.005,80.0
W7229CE0,2025-03-17 22:50:28.087,72.0
LS7OYZ1G,2025-03-17 22:50:28.161,72.0
QJK7EGZI,2025-03-17 22:50:28.195,69.0
OL8XNT42,2025-03-17 22:50:28.258,72.0
OD0JFOXF,2025-03-17 22:50:28.333,64.0
43Y09PTV,2025-03-17 22:50:28.385,67.0
C38GCN4O,2025-03-17 22:50:28.454,62.0
0THKP0BC,2025-03-17 22:50:28.512,63.0
BFDK9IZP,2025-03-17 22:50:28.576,69.0
0OZ6NOF0,2025-03-17 22:50:28.652,62.0
ERWRHEWS,2025-03-17 22:50:28.702,64.0
FWPM7520,2025-03-17 22:50:28.769,65.0
3T68WAG2,2025-03-17 22:50:28.836,64.0
E5V03R9G,2025-03-17 22:50:28.893,68.0
PC9F4YU4,2025-03-17 22:50:28.956,80.0
1J8Q2H9U,2025-03-17 22:50:29.038,76.0
CTC61H3Z,2025-03-17 22:50:29.083,63.0
8AZQGXTO,2025-03-17 22:50:29.147,71.0
B351NURR,2025-03-17 22:50:29.210,63.0
FHMH08FB,2025-03-17 22:50:29.274,68.0
OCY238IE,2025-03-17 22:50:29.338,68.0
TAJCAZ1T,2025-03-17 22:50:29.408,63.0
CA3J5D3N,2025-03-17 22:50:29.465,72.0
ADZF718X,2025-03-17 22:50:29.529,62.0
7V15CTXB,2025-03-17 22:50:29.592,87.0
FYBSR5S0,2025-03-17 22:50:29.681,79.0
VCBUL5VL,2025-03-17 22:50:29.763,81.0
WDY8N0D0,2025-03-17 22:50:29.782,68.0
ZCUP4W3E,2025-03-17 22:50:29.852,62.0
HZ5HQ8F6,2025-03-17 22:50:29.909,67.0
NKFDU5E1,2025-03-17 22:50:29.972,62.0
MI8IB1BT,2025-03-17 22:50:30.035,69.0
XT45LGBC,2025-03-17 22:50:30.098,68.0
VCE26F11,2025-03-17 22:50:30.162,64.0
M1T9ZJ7Y,2025-03-17 22:50:30.227,64.0
IMR0HU4C,2025-03-17 22:50:30.290,80.0
DP328Y4R,2025-03-17 22:50:30.372,79.0
OMN01EYD,2025-03-17 22:50:30.416,68.0
N0LHA78W,2025-03-17 22:50:30.480,65.0
MXMDOBIG,2025-03-17 22:50:30.543,67.0
O72HDPL1,2025-03-17 22:50:30.612,66.0
I6IHJP2S,2025-03-17 22:50:30.670,82.0
QCOJ7CBT,2025-03-17 22:50:30.733,63.0
JX9P90EM,2025-03-17 22:50:30.796,72.0
4SYUZHAQ,2025-03-17 22:50:30.870,65.0
ZE495TDO,2025-03-17 22:50:30.923,62.0
S6UEKNDR,2025-03-17 22:50:30.988,62.0
YZVNGNI8,2025-03-17 22:50:31.051,62.0
POOURUBB,2025-03-17 22:50:31.114,82.0
YKL33BCM,2025-03-17 22:50:31.177,63.0
85Y3H1OX,2025-03-17 22:50:31.241,66.0
FEGHW6SZ,2025-03-17 22:50:31.309,67.0
UE8Z64CW,2025-03-17 22:50:31.378,63.0
CV1PXIYY,2025-03-17 22:50:31.431,61.0
9A2I6GX1,2025-03-17 22:50:31.494,75.0
QZHMZTD3,2025-03-17 22:50:31.571,75.0
MEE9YML7,2025-03-17 22:50:31.649,77.0
EDW8R7IP,2025-03-17 22:50:31.685,64.0
J40QVM11,2025-03-17 22:50:31.748,65.0
R6WFR7ZL,2025-03-17 22:50:31.812,64.0
LTAEJCL7,2025-03-17 22:50:31.874,60.0
F0RTZWW8,2025-03-17 22:50:31.938,61.0
D1FOTTKO,2025-03-17 22:50:32.001,69.0
3QSLMMTG,2025-03-17 22:50:32.065,61.0
SKDUNRTV,2025-03-17 22:50:32.128,66.0
U0PY0V24,2025-03-17 22:50:32.196,61.0
J64D76LZ,2025-03-17 22:50:32.255,64.0
VP3KSAGI,2025-03-17 22:50:32.320,82.0
EYWKWMVR,2025-03-17 22:50:32.404,79.0
JK8L4M3J,2025-03-17 22:50:32.486,80.0
JEG55H7N,2025-03-17 22:50:32.510,67.0
5UBRWBSL,2025-03-17 22:50:32.573,63.0
YCM27CKC,2025-03-17 22:50:32.637,64.0
MHG4D0RK,2025-03-17 22:50:32.700,73.0
2YD6D0GR,2025-03-17 22:50:32.768,64.0
KAH3ET6C,2025-03-17 22:50:32.833,64.0
420SVEH3,2025-03-17 22:50:32.890,62.0
J1MEID3H,2025-03-17 22:50:32.954,68.0
PJ0LC0JX,2025-03-17 22:50:33.016,61.0
SDVK6RX4,2025-03-17 22:50:33.080,62.0
YU8JOAZ1,2025-03-17 22:50:33.145,60.0
ZYW48DCN,2025-03-17 22:50:33.207,62.0
Z9UAT3Q9,2025-03-17 22:50:33.270,66.0
KUF60YLT,2025-03-17 22:50:33.333,67.0
QKUCFLBU,2025-03-17 22:50:33.402,70.0
ZKV6W44H,2025-03-17 22:50:33.460,64.0
L4DCMW81,2025-03-17 22:50:33.523,79.0
N29AITSA,2025-03-17 22:50:33.587,65.0
F25LSPU6,2025-03-17 22:50:33.650,81.0
MNS54Z42,2025-03-17 22:50:33.713,64.0
SMFHX4QO,2025-03-17 22:50:33.778,65.0
9MW53YPC,2025-03-17 22:50:33.847,68.0
AJGIT8GN,2025-03-17 22:50:33.904,64.0
J1UWMLY8,2025-03-17 22:50:33.968,78.0
4K420OHL,2025-03-17 22:50:34.032,65.0
NJL1KE0G,2025-03-17 22:50:34.095,78.0
9CCP1F2A,2025-03-17 22:50:34.159,62.0
002BDLHT,2025-03-17 22:50:34.222,64.0
Z4I6F7SS,2025-03-17 22:50:34.288,68.0
JOM19Q1V,2025-03-17 22:50:34.349,66.0
PGMXVRZS,2025-03-17 22:50:34.413,67.0
JTO0NL29,2025-03-17 22:50:34.482,65.0
0QY9QFA9,2025-03-17 22:50:34.549,64.0
TCGDDSNC,2025-03-17 22:50:34.604,69.0
LL4AWXO3,2025-03-17 22:50:34.675,67.0
IOPS2KP7,2025-03-17 22:50:34.731,91.0
Y0SKU7NY,2025-03-17 22:50:34.793,68.0
PDWB7DMK,2025-03-17 22:50:34.857,64.0
J9FKCE4K,2025-03-17 22:50:34.920,61.0
XDBNB9BQ,2025-03-17 22:50:34.984,66.0
89B917RL,2025-03-17 22:50:35.048,63.0
EOFKZ6TL,2025-03-17 22:50:35.111,64.0
HI3F4SCR,2025-03-17 22:50:35.174,79.0
TKQG3Z2R,2025-03-17 22:50:35.237,66.0
4EN7GQRJ,2025-03-17 22:50:35.302,77.0
30OHOGAR,2025-03-17 22:50:35.381,81.0
J0OZZYXT,2025-03-17 22:50:35.464,80.0
AXQYDFU6,2025-03-17 22:50:35.546,63.0
6CK9AYTZ,2025-03-17 22:50:35.556,76.0
F6RFZ89I,2025-03-17 22:50:35.620,68.0
10J74PQ2,2025-03-17 22:50:35.683,75.0
W62Z68AI,2025-03-17 22:50:35.760,66.0
T1WVRCO7,2025-03-17 22:50:35.811,70.0
8TYCI2P3,2025-03-17 22:50:35.874,73.0
9QF0NOLD,2025-03-17 22:50:35.949,65.0
A28R8XLQ,2025-03-17 22:50:36.001,67.0
QBP6RTVY,2025-03-17 22:50:36.064,80.0
JOPAY5H1,2025-03-17 22:50:36.128,62.0
58QUPYWG,2025-03-17 22:50:36.191,63.0
BHAJOE7Z,2025-03-17 22:50:36.255,78.0
H84DMD78,2025-03-17 22:50:36.317,65.0
EHZCIPCN,2025-03-17 22:50:36.382,63.0
3IWHUQ7T,2025-03-17 22:50:36.447,64.0
EV9ZXGJW,2025-03-17 22:50:36.509,84.0
YVOIYF9T,2025-03-17 22:50:36.572,62.0
N0W8VRZN,2025-03-17 22:50:36.635,80.0
XDWH36WK,2025-03-17 22:50:36.717,77.0
UW8X8HPE,2025-03-17 22:50:36.762,73.0
FB0XRNGL,2025-03-17 22:50:36.826,75.0
PI9AS9E8,2025-03-17 22:50:36.888,69.0
6Q4N3KE3,2025-03-17 22:50:36.952,70.0
MYGGDWBY,2025-03-17 22:50:37.015,82.0
F2FV5062,2025-03-17 22:50:37.078,66.0
RLVUJJLA,2025-03-17 22:50:37.143,70.0
M5MYY06V,2025-03-17 22:50:37.206,65.0
MEJKDCFP,2025-03-17 22:50:37.269,69.0
OQVFT6Y4,2025-03-17 22:50:37.333,67.0
U3Q2K03B,2025-03-17 22:50:37.397,70.0
WYEUOZFV,2025-03-17 22:50:37.461,85.0
E4JXPQLR,2025-03-17 22:50:37.549,82.0
EVF4LTHG,2025-03-17 22:50:37.588,64.0
I8VBU2YZ,2025-03-17 22:50:37.652,75.0
EY7Y7PK0,2025-03-17 22:50:37.714,66.0
JHW5CWY4,2025-03-17 22:50:37.778,80.0
23I2RFDE,2025-03-17 22:50:37.860,78.0
VL1H515I,2025-03-17 22:50:37.904,86.0
4RHD8GFL,2025-03-17 22:50:37.967,69.0
NO7E7ZNQ,2025-03-17 22:50:38.038,71.0
NAWO8D6A,2025-03-17 22:50:38.111,73.0
573J1ERT,2025-03-17 22:50:38.186,63.0
1VDT51MT,2025-03-17 22:50:38.220,78.0
R0YR37YJ,2025-03-17 22:50:38.284,77.0
ME0QZHNW,2025-03-17 22:50:38.347,67.0
11U5RJKS,2025-03-17 22:50:38.411,77.0
15A6C37C,2025-03-17 22:50:38.473,65.0
LS7RDI9N,2025-03-17 22:50:38.537,77.0
QJMJTORM,2025-03-17 22:50:38.600,61.0
MSY14ZP0,2025-03-17 22:50:38.663,76.0
0CKGLW3T,2025-03-17 22:50:38.727,93.0
5O18UXMZ,2025-03-17 22:50:38.790,71.0
IXV5IC7P,2025-03-17 22:50:38.854,61.0
QTK1GXRO,2025-03-17 22:50:38.918,63.0
EENDSAFF,2025-03-17 22:50:38.981,67.0
6A42I7YP,2025-03-17 22:50:39.051,72.0
KKAHFM6X,2025-03-17 22:50:39.125,70.0
K3O04OQP,2025-03-17 22:50:39.170,79.0
D2WK6NX1,2025-03-17 22:50:39.235,74.0
RJR2MLEQ,2025-03-17 22:50:39.297,84.0
Y1DHJY9J,2025-03-17 22:50:39.362,65.0
PSQNS3BF,2025-03-17 22:50:39.426,61.0
VN26YE6X,2025-03-17 22:50:39.490,62.0
JS4UGSG4,2025-03-17 22:50:39.553,69.0
XNIE8V14,2025-03-17 22:50:39.624,61.0
P4YO2WJV,2025-03-17 22:50:39.680,60.0
B3QJCJC8,2025-03-17 22:50:39.743,63.0
OQHBWA8V,2025-03-17 22:50:39.806,61.0
1CDN31E4,2025-03-17 22:50:39.869,66.0
8FGMC8UV,2025-03-17 22:50:39.933,60.0
YHMD3E3M,2025-03-17 22:50:39.996,65.0
PZ561KTO,2025-03-17 22:50:40.064,64.0
YCV1YCWM,2025-03-17 22:50:40.131,63.0
DJUCY3HQ,2025-03-17 22:50:40.186,61.0
H9UFR9D0,2025-03-17 22:50:40.250,61.0
7V0PHCLQ,2025-03-17 22:50:40.312,82.0
P781K11Z,2025-03-17 22:50:40.396,80.0
C7D3B4CP,2025-03-17 22:50:40.440,70.0
Q2QJI6D2,2025-03-17 22:50:40.516,60.0
7T7TR0ZH,2025-03-17 22:50:40.567,71.0
424PBQF1,2025-03-17 22:50:40.629,73.0
R3G5PTF1,2025-03-17 22:50:40.704,69.0
5Q4UU0ZL,2025-03-17 22:50:40.775,64.0
R068C9ZD,2025-03-17 22:50:40.841,64.0
FMURNQJM,2025-03-17 22:50:40.885,63.0
M17R3QKL,2025-03-17 22:50:40.947,67.0
XM029C7S,2025-03-17 22:50:41.011,73.0
GJ8R8TCD,2025-03-17 22:50:41.086,68.0
X5MZGX6H,2025-03-17 22:50:41.139,65.0
OHMQOETH,2025-03-17 22:50:41.202,64.0
Q8I2XPO5,2025-03-17 22:50:41.265,64.0
P3X7TDAI,2025-03-17 22:50:41.328,67.0
D5ECO252,2025-03-17 22:50:41.392,66.0
OYFX79B9,2025-03-17 22:50:41.455,65.0
BSH7JJJA,2025-03-17 22:50:41.523,63.0
B7PCDCYW,2025-03-17 22:50:41.582,64.0
T7JI961I,2025-03-17 22:50:41.645,69.0
R1E7B9I4,2025-03-17 22:50:41.708,63.0
BPQYN7NS,2025-03-17 22:50:41.771,80.0
L691PDNJ,2025-03-17 22:50:41.834,61.0
29BS14EQ,2025-03-17 22:50:41.899,64.0
MZS32TRS,2025-03-17 22:50:41.961,75.0
Z0YMKK6R,2025-03-17 22:50:42.039,69.0
Y64W7GML,2025-03-17 22:50:42.088,67.0
25J55QVA,2025-03-17 22:50:42.151,68.0
OLEP3WZ9,2025-03-17 22:50:42.215,66.0
XRB393Q6,2025-03-17 22:50:42.278,80.0
DNJ5SIKF,2025-03-17 22:50:42.341,69.0
BUHTMUGO,2025-03-17 22:50:42.411,64.0
VKD7EZFA,2025-03-17 22:50:42.469,66.0
JM96UZ75,2025-03-17 22:50:42.533,81.0
ETPVB2M0,2025-03-17 22:50:42.617,81.0
DKLE5GYA,2025-03-17 22:50:42.660,67.0
4XYEG0BA,2025-03-17 22:50:42.723,67.0
K1UXJ3PN,2025-03-17 22:50:42.786,74.0
9I0KYB27,2025-03-17 22:50:42.849,65.0
S8FIM26O,2025-03-17 22:50:42.913,65.0
3COANUCM,2025-03-17 22:50:42.980,69.0
RDF2OSGX,2025-03-17 22:50:43.051,65.0
R5GDHAY6,2025-03-17 22:50:43.118,69.0
HDN1T9Q2,2025-03-17 22:50:43.168,65.0
08VD0PB3,2025-03-17 22:50:43.230,74.0
LIWKWLCI,2025-03-17 22:50:43.306,71.0
8VQLTIPI,2025-03-17 22:50:43.357,70.0
FSQ7T67I,2025-03-17 22:50:43.421,64.0
7HZ2DPG5,2025-03-17 22:50:43.485,65.0
RGCQQQL4,2025-03-17 22:50:43.548,62.0
1RPTHCX6,2025-03-17 22:50:43.612,66.0
RXWC18JV,2025-03-17 22:50:43.676,68.0
K1UG825A,2025-03-17 22:50:43.746,67.0
WFOYEOW4,2025-03-17 22:50:43.803,68.0
5R1FLAQ5,2025-03-17 22:50:43.873,66.0
J0DYR8IK,2025-03-17 22:50:43.930,81.0
G7GJBXPS,2025-03-17 22:50:44.013,82.0
FAN166DS,2025-03-17 22:50:44.057,74.0
IY3Z3DIZ,2025-03-17 22:50:44.134,70.0
0I0SIR28,2025-03-17 22:50:44.207,63.0
U21VQ74R,2025-03-17 22:50:44.247,65.0
QQZKVUCY,2025-03-17 22:50:44.311,63.0
HNNL7DVW,2025-03-17 22:50:44.374,79.0
R9YBX9IB,2025-03-17 22:50:44.456,77.0
MKC4NW1C,2025-03-17 22:50:44.501,64.0
YMWFHWYI,2025-03-17 22:50:44.567,64.0
AED7A07X,2025-03-17 22:50:44.627,61.0
GT28HY9P,2025-03-17 22:50:44.691,79.0
4J3354HN,2025-03-17 22:50:44.754,63.0
1QGB5PH5,2025-03-17 22:50:44.817,65.0
0I3T1YVQ,2025-03-17 22:50:44.885,64.0
15HC3BG5,2025-03-17 22:50:44.944,63.0
PKOFGNEL,2025-03-17 22:50:45.007,75.0
7K3K4NI3,2025-03-17 22:50:45.071,66.0
K1KWGDPM,2025-03-17 22:50:45.134,78.0
1385BYHT,2025-03-17 22:50:45.198,70.0
1O4R3WBA,2025-03-17 22:50:45.270,68.0
3EVOTMBI,2025-03-17 22:50:45.324,79.0
5W0VYSV5,2025-03-17 22:50:45.406,80.0
UMU0E89M,2025-03-17 22:50:45.452,65.0
KAMN8H0Y,2025-03-17 22:50:45.515,76.0
5V46V37Q,2025-03-17 22:50:45.593,76.0
649UZA7Z,2025-03-17 22:50:45.640,76.0
Z4BJN1YK,2025-03-17 22:50:45.718,71.0
H8XPV83R,2025-03-17 22:50:45.767,82.0
XSGUCMNX,2025-03-17 22:50:45.831,65.0
HVPYN5DC,2025-03-17 22:50:45.898,66.0
C9UT76KM,2025-03-17 22:50:45.957,80.0
1EM9HCQH,2025-03-17 22:50:46.022,63.0
FD3BNDV9,2025-03-17 22:50:46.084,68.0
OSN0PKEH,2025-03-17 22:50:46.147,78.0
YDTNBA78,2025-03-17 22:50:46.212,68.0
JXOG3ET3,2025-03-17 22:50:46.282,68.0
MQFD6OHE,2025-03-17 22:50:46.337,74.0
QLBWSCWB,2025-03-17 22:50:46.400,82.0
380IDX81,2025-03-17 22:50:46.464,65.0
UCV9MA13,2025-03-17 22:50:46.527,78.0
TCM86UNB,2025-03-17 22:50:46.607,66.0
C7A543PU,2025-03-17 22:50:46.676,75.0
FZHOPWGX,2025-03-17 22:50:46.753,67.0
TAQK422U,2025-03-17 22:50:46.822,61.0
6VFLU1ZS,2025-03-17 22:50:46.844,80.0
3BFH7W45,2025-03-17 22:50:46.908,65.0
75QOTTFA,2025-03-17 22:50:46.972,77.0
ODVPJYNQ,2025-03-17 22:50:47.035,63.0
TYUPL1MB,2025-03-17 22:50:47.098,66.0
BPW8R5ML,2025-03-17 22:50:47.166,65.0
149XQBT9,2025-03-17 22:50:47.226,67.0
YUGWHJQ7,2025-03-17 22:50:47.288,66.0
QZS52ASH,2025-03-17 22:50:47.357,60.0
L9S4KVO5,2025-03-17 22:50:47.416,79.0
ZT4G476C,2025-03-17 22:50:47.479,70.0
8XWS8NMN,2025-03-17 22:50:47.542,63.0
71A0ZAF1,2025-03-17 22:50:47.607,62.0
BINI02GR,2025-03-17 22:50:47.671,61.0
2YX6PA6Y,2025-03-17 22:50:47.733,68.0
8OV9DX3Z,2025-03-17 22:50:47.803,67.0
BMMMKC8U,2025-03-17 22:50:47.861,65.0
XEOGLH7K,2025-03-17 22:50:47.923,74.0
3WY6V7RA,2025-03-17 22:50:48.000,67.0
UTWKGAU6,2025-03-17 22:50:48.050,66.0
8JF8SXYY,2025-03-17 22:50:48.113,67.0
BJRO32D1,2025-03-17 22:50:48.177,81.0
68SDL7I4,2025-03-17 22:50:48.241,61.0
H9YHD1SD,2025-03-17 22:50:48.306,62.0
CQ4C22ZI,2025-03-17 22:50:48.371,63.0
H2GRO7S6,2025-03-17 22:50:48.432,60.0
0DRGOIXI,2025-03-17 22:50:48.495,64.0
2P7DA7D4,2025-03-17 22:50:48.561,61.0
T1QPG9AH,2025-03-17 22:50:48.630,63.0
NFIIWVUF,2025-03-17 22:50:48.685,63.0
06AM9LO1,2025-03-17 22:50:48.749,62.0
U4WK335M,2025-03-17 22:50:48.815,68.0
UMUQK4PS,2025-03-17 22:50:48.877,82.0
20YFS98S,2025-03-17 22:50:48.939,67.0
43KI3R77,2025-03-17 22:50:49.003,81.0
KRZNE7WN,2025-03-17 22:50:49.086,80.0
D35JUWP4,2025-03-17 22:50:49.130,64.0
CYT1B4GY,2025-03-17 22:50:49.194,85.0
KBU03QK7,2025-03-17 22:50:49.257,70.0
OTMPRCYE,2025-03-17 22:50:49.319,64.0
MGJ09NJH,2025-03-17 22:50:49.384,68.0
055CWNI1,2025-03-17 22:50:49.447,68.0
FGSFNZKI,2025-03-17 22:50:49.516,63.0
TY3JUZ3N,2025-03-17 22:50:49.574,84.0
TK6NU3K6,2025-03-17 22:50:49.660,80.0
3H4G0498,2025-03-17 22:50:49.701,64.0
4M77UO66,2025-03-17 22:50:49.764,76.0
N1TBSKKQ,2025-03-17 22:50:49.828,62.0
RVJMSJHH,2025-03-17 22:50:49.890,80.0
ZCOBJIF0,2025-03-17 22:50:49.954,63.0
MFW047EA,2025-03-17 22:50:50.018,65.0
S5L02OHR,2025-03-17 22:50:50.081,80.0
L5UGLJHC,2025-03-17 22:50:50.145,64.0
9QRO5FVS,2025-03-17 22:50:50.207,79.0
9J700717,2025-03-17 22:50:50.271,68.0
SQ7TWB6D,2025-03-17 22:50:50.334,79.0
9QN8Z0DU,2025-03-17 22:50:50.398,63.0
W3A1A2VL,2025-03-17 22:50:50.461,64.0
VBYL8K3W,2025-03-17 22:50:50.525,66.0
4CFVR3WW,2025-03-17 22:50:50.588,65.0
LH774SWQ,2025-03-17 22:50:50.652,64.0
EQVJHNAC,2025-03-17 22:50:50.719,64.0
LT185O4K,2025-03-17 22:50:50.779,80.0
QSSXFHXH,2025-03-17 22:50:50.842,65.0
WZU3EHGB,2025-03-17 22:50:50.909,66.0
8W4A8R85,2025-03-17 22:50:50.969,80.0
UK8GY20U,2025-03-17 22:50:51.032,67.0
4RHZ992W,2025-03-17 22:50:51.096,68.0
97Y394ZL,2025-03-17 22:50:51.159,79.0
MTV7OWM6,2025-03-17 22:50:51.223,64.0
A119I7J2,2025-03-17 22:50:51.286,71.0
AZX4WDOD,2025-03-17 22:50:51.349,80.0
BLKHF18V,2025-03-17 22:50:51.414,64.0
GZ1CVPBW,2025-03-17 22:50:51.477,80.0
B9FBVXG9,2025-03-17 22:50:51.541,62.0
3BFPN0F9,2025-03-17 22:50:51.605,81.0
2240ECU5,2025-03-17 22:50:51.668,64.0
CGK9LL6L,2025-03-17 22:50:51.732,78.0
V92JLU6F,2025-03-17 22:50:51.795,63.0
25CPNFOF,2025-03-17 22:50:51.859,63.0
IZPOR1BZ,2025-03-17 22:50:51.921,63.0
RGOYWUSX,2025-03-17 22:50:51.987,65.0
RROF1PKD,2025-03-17 22:50:52.047,70.0
QWNZQO0Z,2025-03-17 22:50:52.111,69.0
Z2C3Y3N1,2025-03-17 22:50:52.174,89.0
4G7HHX6I,2025-03-17 22:50:52.238,71.0
0XDL02OL,2025-03-17 22:50:52.301,63.0
A4ZSYCWA,2025-03-17 22:50:52.365,66.0
EE5JLV6P,2025-03-17 22:50:52.428,81.0
6CAY5YZY,2025-03-17 22:50:52.492,66.0
NUIGMRZO,2025-03-17 22:50:52.554,80.0
F2ZCD71H,2025-03-17 22:50:52.618,77.0
7ZB3HVT6,2025-03-17 22:50:52.682,62.0
XSASVKL4,2025-03-17 22:50:52.745,73.0
U8RWG37O,2025-03-17 22:50:52.808,80.0
2AQN5AAN,2025-03-17 22:50:52.872,73.0
CM8QPPLR,2025-03-17 22:50:52.935,80.0
OOLEMF9U,2025-03-17 22:50:52.999,70.0
B8RH0JBC,2025-03-17 22:50:53.071,70.0
PG9FTNHB,2025-03-17 22:50:53.126,64.0
K9ZQIOLF,2025-03-17 22:50:53.189,71.0
6C5PQK93,2025-03-17 22:50:53.252,64.0
4WOB94DA,2025-03-17 22:50:53.318,64.0
TAOMI2PP,2025-03-17 22:50:53.386,63.0
ENC9K4I2,2025-03-17 22:50:53.442,74.0
BOYBB5H1,2025-03-17 22:50:53.505,64.0
XKNHPZJU,2025-03-17 22:50:53.568,68.0
4YPJFVAV,2025-03-17 22:50:53.632,70.0
H7UBD0Z6,2025-03-17 22:50:53.695,68.0
H56ZRADW,2025-03-17 22:50:53.759,63.0
GLC1U8IZ,2025-03-17 22:50:53.823,63.0
TF03RV0X,2025-03-17 22:50:53.886,68.0
5RLZIET0,2025-03-17 22:50:53.949,63.0
RZS4NLR0,2025-03-17 22:50:54.013,69.0
PZO55J4L,2025-03-17 22:50:54.085,65.0
36DPENAE,2025-03-17 22:50:54.139,66.0
ALOVZK96,2025-03-17 22:50:54.202,64.0
OC7G0SOW,2025-03-17 22:50:54.268,63.0
TJMGDHOM,2025-03-17 22:50:54.331,63.0
BPJQME96,2025-03-17 22:50:54.394,76.0
DXXZ7FUW,2025-03-17 22:50:54.473,69.0
T7XNEJJ5,2025-03-17 22:50:54.520,67.0
KC9IBYO9,2025-03-17 22:50:54.589,64.0
JA38WITF,2025-03-17 22:50:54.647,69.0
ST6CV95A,2025-03-17 22:50:54.711,64.0
AEBGGVJ1,2025-03-17 22:50:54.774,69.0
AEKFDPJI,2025-03-17 22:50:54.838,75.0
GIX2INWT,2025-03-17 22:50:54.915,71.0
PHUFNCEB,2025-03-17 22:50:54.988,72.0
AO8AUVEM,2025-03-17 22:50:55.062,61.0
567QHTTH,2025-03-17 22:50:55.091,65.0
IUG10MD3,2025-03-17 22:50:55.154,80.0
7MFWMP2C,2025-03-17 22:50:55.217,62.0
GGBAVEKM,2025-03-17 22:50:55.282,62.0
WFFY92EQ,2025-03-17 22:50:55.345,66.0
4C9K5UFF,2025-03-17 22:50:55.414,65.0
2SHQ5KG6,2025-03-17 22:50:55.472,68.0
IVQOTVAU,2025-03-17 22:50:55.536,79.0
PZU7TTL5,2025-03-17 22:50:55.598,64.0
Y581S40J,2025-03-17 22:50:55.662,66.0
R9YPVAM1,2025-03-17 22:50:55.726,81.0
NOZ6MK73,2025-03-17 22:50:55.789,67.0
23WOOSUT,2025-03-17 22:50:55.853,81.0
J1W8O3OA,2025-03-17 22:50:55.916,62.0
9FJ2PSGC,2025-03-17 22:50:55.980,83.0
Q1J1JHH5,2025-03-17 22:50:56.044,70.0
MRIBQWN6,2025-03-17 22:50:56.107,62.0
10J0NBFG,2025-03-17 22:50:56.170,79.0
LR9Q2LEL,2025-03-17 22:50:56.251,78.0
CTY0DJL8,2025-03-17 22:50:56.296,62.0
C1RMPGAN,2025-03-17 22:50:56.361,61.0
QEL0GAJB,2025-03-17 22:50:56.424,80.0
6NIZFWTS,2025-03-17 22:50:56.487,83.0
T5RGDI8R,2025-03-17 22:50:56.576,78.0
RMKSAW3G,2025-03-17 22:50:56.614,80.0
BJ5GN2Z0,2025-03-17 22:50:56.678,83.0
VX2T3GII,2025-03-17 22:50:56.741,67.0
YHSF6FYP,2025-03-17 22:50:56.804,67.0
4KHGP6YU,2025-03-17 22:50:56.869,85.0
QHLOEKDB,2025-03-17 22:50:56.930,70.0
GYUQ1JN8,2025-03-17 22:50:56.994,83.0
8B5JQ10G,2025-03-17 22:50:57.079,85.0
SR8N0EIK,2025-03-17 22:50:57.121,67.0
WUM9TIKM,2025-03-17 22:50:57.185,74.0
HTQWV4LH,2025-03-17 22:50:57.248,83.0
81B15JYQ,2025-03-17 22:50:57.333,83.0
NAOXNAFU,2025-03-17 22:50:57.375,71.0
H6NP0RQB,2025-03-17 22:50:57.438,69.0
8F9JTFIE,2025-03-17 22:50:57.503,78.0
S6USY6CR,2025-03-17 22:50:57.566,64.0
S8ABOY1L,2025-03-17 22:50:57.630,72.0
854FR6P9,2025-03-17 22:50:57.692,79.0
NRSXIKLL,2025-03-17 22:50:57.756,66.0
N46SZWN6,2025-03-17 22:50:57.824,64.0
Q5BVPBPM,2025-03-17 22:50:57.882,75.0
4ZM33EKH,2025-03-17 22:50:57.946,71.0
XYT91ADX,2025-03-17 22:50:58.009,64.0
KWGEL3U7,2025-03-17 22:50:58.072,63.0
R6WULRK0,2025-03-17 22:50:58.135,78.0
P68Z2DWT,2025-03-17 22:50:58.216,77.0
B0JYDIEJ,2025-03-17 22:50:58.295,75.0
ECA73ZPR,2025-03-17 22:50:58.326,64.0
52ODXUAZ,2025-03-17 22:50:58.389,80.0
KKP8WLOA,2025-03-17 22:50:58.471,62.0
3E17SKPZ,2025-03-17 22:50:58.516,70.0
VD46P6XM,2025-03-17 22:50:58.579,79.0
WE9QIZ5J,2025-03-17 22:50:58.643,62.0
C6Z078ZD,2025-03-17 22:50:58.706,80.0
Q51ITLQ8,2025-03-17 22:50:58.770,61.0
9AS8PSRK,2025-03-17 22:50:58.834,62.0
BKULRLU5,2025-03-17 22:50:58.898,61.0
8UDEIM00,2025-03-17 22:50:58.961,78.0
PS4SQI3E,2025-03-17 22:50:59.024,65.0
WELU4E52,2025-03-17 22:50:59.088,79.0
815XCUUL,2025-03-17 22:50:59.169,77.0
I1BYLI4G,2025-03-17 22:50:59.214,64.0
6FIZ93V5,2025-03-17 22:50:59.280,59.0
QXY4E7CA,2025-03-17 22:50:59.341,69.0
2CAEZ25L,2025-03-17 22:50:59.405,61.0
B627I7W5,2025-03-17 22:50:59.469,82.0
1G1S802F,2025-03-17 22:50:59.532,65.0
MQEAVLFG,2025-03-17 22:50:59.596,81.0
QMVODMHM,2025-03-17 22:50:59.679,83.0
TJNXKC9J,2025-03-17 22:50:59.722,64.0
6D11AN8T,2025-03-17 22:50:59.786,84.0
9SAF0LLT,2025-03-17 22:50:59.849,64.0
2NBFEX8N,2025-03-17 22:50:59.912,62.0
CG730RIY,2025-03-17 22:50:59.976,64.0
1JQNZTQ7,2025-03-17 22:51:00.040,85.0
IEVU7YSL,2025-03-17 22:51:00.103,65.0
CPKRTSX0,2025-03-17 22:51:00.167,82.0
KEA7AJ8N,2025-03-17 22:51:00.231,66.0
G5QAF4UT,2025-03-17 22:51:00.294,86.0
ICO7450D,2025-03-17 22:51:00.356,65.0
HY74TR5Q,2025-03-17 22:51:00.419,64.0
378EZ9QA,2025-03-17 22:51:00.484,74.0
9H098RD0,2025-03-17 22:51:00.546,78.0
4YT64D3U,2025-03-17 22:51:00.609,65.0
9LXWSEZG,2025-03-17 22:51:00.676,63.0
TVNQ2X6N,2025-03-17 22:51:00.736,73.0
4QM395GH,2025-03-17 22:51:00.800,62.0
R2V6S3D2,2025-03-17 22:51:00.863,70.0
FOT6YG2A,2025-03-17 22:51:00.927,62.0
EON9VPNM,2025-03-17 22:51:00.992,64.0
YDT1LM0O,2025-03-17 22:51:01.059,64.0
DZOKYN7J,2025-03-17 22:51:01.118,72.0
NMMUBR5W,2025-03-17 22:51:01.192,72.0
KIDI5ID7,2025-03-17 22:51:01.245,72.0
Q1B7EBNX,2025-03-17 22:51:01.319,64.0
FNL03FUP,2025-03-17 22:51:01.371,76.0
6A9YZJ8N,2025-03-17 22:51:01.435,68.0
8N7GNM76,2025-03-17 22:51:01.505,66.0
W7B8ZD8I,2025-03-17 22:51:01.561,72.0
WSR6EAD2,2025-03-17 22:51:01.626,64.0
1BKHFKBG,2025-03-17 22:51:01.688,68.0
PWMMJRKZ,2025-03-17 22:51:01.758,67.0
DTGXLQ14,2025-03-17 22:51:01.827,67.0
FX3WN1H9,2025-03-17 22:51:01.879,79.0
Q8ORO8XU,2025-03-17 22:51:01.943,71.0
75RP9XSE,2025-03-17 22:51:02.017,77.0
RHQHO23F,2025-03-17 22:51:02.097,75.0
G3C2BNWS,2025-03-17 22:51:02.132,67.0
P8JT7WKM,2025-03-17 22:51:02.196,87.0
D9WXA8W8,2025-03-17 22:51:02.259,83.0
5AO4F040,2025-03-17 22:51:02.323,60.0
GLXZ3ZOY,2025-03-17 22:51:02.387,83.0
7Z0VTAUQ,2025-03-17 22:51:02.450,88.0
JQ5THGRB,2025-03-17 22:51:02.540,82.0
6ID8RP65,2025-03-17 22:51:02.578,85.0
1NKC5X4F,2025-03-17 22:51:02.640,63.0
33KQTQVR,2025-03-17 22:51:02.705,83.0
73YZYZ6L,2025-03-17 22:51:02.791,85.0
CTA001A5,2025-03-17 22:51:02.831,93.0
DZO5D9RM,2025-03-17 22:51:02.897,86.0
48P5S6IG,2025-03-17 22:51:02.959,81.0
Y1HASJ1Y,2025-03-17 22:51:03.022,84.0
430XPNY6,2025-03-17 22:51:03.086,62.0
3ZWGN63U,2025-03-17 22:51:03.149,69.0
5UJKAM4R,2025-03-17 22:51:03.214,76.0
MSO9LOQE,2025-03-17 22:51:03.293,74.0
G7IGKPNI,2025-03-17 22:51:03.340,63.0
4AR8BPCD,2025-03-17 22:51:03.405,62.0
1503JFOM,2025-03-17 22:51:03.472,64.0
HTQ9FWJD,2025-03-17 22:51:03.530,78.0
J1HCNFWX,2025-03-17 22:51:03.593,66.0
AJZYCDXT,2025-03-17 22:51:03.657,67.0
0UKUKBK8,2025-03-17 22:51:03.720,85.0
IMEQHC8W,2025-03-17 22:51:03.784,74.0
4ZRZN1V1,2025-03-17 22:51:03.862,69.0
3K5WKNV5,2025-03-17 22:51:03.911,66.0
PH3MNKOW,2025-03-17 22:51:03.974,86.0
JSIXNFCR,2025-03-17 22:51:04.037,63.0
MSHN167N,2025-03-17 22:51:04.101,83.0
3U0WX71H,2025-03-17 22:51:04.164,62.0
L4235NMA,2025-03-17 22:51:04.229,67.0
FTLVW1AK,2025-03-17 22:51:04.295,91.0
KAIVATCR,2025-03-17 22:51:04.354,65.0
FJIHJS7E,2025-03-17 22:51:04.418,85.0
6ZICPYVB,2025-03-17 22:51:04.505,79.0
J1FP9FAQ,2025-03-17 22:51:04.545,67.0
FKBREVF1,2025-03-17 22:51:04.608,61.0
OGOHYXDW,2025-03-17 22:51:04.672,76.0
BCOVYGJ2,2025-03-17 22:51:04.736,85.0
9BIOBA5V,2025-03-17 22:51:04.799,79.0
MO2N9R8Q,2025-03-17 22:51:04.862,63.0
1VXVY200,2025-03-17 22:51:04.927,62.0
CHCV7X7J,2025-03-17 22:51:04.994,61.0
WLBQN4IS,2025-03-17 22:51:05.052,74.0
QJ703K2C,2025-03-17 22:51:05.115,72.0
VA7EDLTU,2025-03-17 22:51:05.179,72.0
U8NAQM9S,2025-03-17 22:51:05.242,81.0
GAKOOP9U,2025-03-17 22:51:05.305,63.0
W05Z2W9D,2025-03-17 22:51:05.369,82.0
114TJ1X8,2025-03-17 22:51:05.432,62.0
PR1H1Y4P,2025-03-17 22:51:05.496,79.0
9F4D53S6,2025-03-17 22:51:05.559,73.0
HWYPU171,2025-03-17 22:51:05.622,78.0
22BEH7FE,2025-03-17 22:51:05.686,63.0
9LUCP76V,2025-03-17 22:51:05.750,66.0
1VZIBHNK,2025-03-17 22:51:05.812,62.0
DFVQ6C2E,2025-03-17 22:51:05.877,61.0
ZO8ZRLII,2025-03-17 22:51:05.940,73.0
8ZGZ6TF2,2025-03-17 22:51:06.003,75.0
Y311JUIW,2025-03-17 22:51:06.066,72.0
AY340XEM,2025-03-17 22:51:06.129,74.0
19T4QHV1,2025-03-17 22:51:06.193,72.0
9CLISUAU,2025-03-17 22:51:06.257,66.0
WSFO862H,2025-03-17 22:51:06.320,71.0
VNU17N6U,2025-03-17 22:51:06.383,67.0
TNCUKKCA,2025-03-17 22:51:06.452,64.0
CM2UVEFT,2025-03-17 22:51:06.511,67.0
8348PMJU,2025-03-17 22:51:06.580,64.0
6VC0EOF1,2025-03-17 22:51:06.638,72.0
NBBYYWDD,2025-03-17 22:51:06.702,76.0
1IHP3SUB,2025-03-17 22:51:06.779,76.0
QJVE0JGH,2025-03-17 22:51:06.828,74.0
GLXR5W1N,2025-03-17 22:51:06.891,79.0
4ZJIXH0Y,2025-03-17 22:51:06.955,83.0
GDXI9V44,2025-03-17 22:51:07.018,67.0
A69FTDFV,2025-03-17 22:51:07.082,61.0
R960HU3N,2025-03-17 22:51:07.151,62.0
C6UFW3LE,2025-03-17 22:51:07.209,66.0
WVV4KAKS,2025-03-17 22:51:07.271,63.0
SGJGAE9N,2025-03-17 22:51:07.336,60.0
HN7EIAGR,2025-03-17 22:51:07.399,82.0
EZPM86XP,2025-03-17 22:51:07.462,65.0
MIW48QAP,2025-03-17 22:51:07.530,63.0
6LYHYASV,2025-03-17 22:51:07.589,65.0
2BS8B48J,2025-03-17 22:51:07.652,66.0
O4YS0BFY,2025-03-17 22:51:07.717,83.0
FZ9CDGWZ,2025-03-17 22:51:07.779,63.0
V26XK6V0,2025-03-17 22:51:07.843,63.0
2GYK703W,2025-03-17 22:51:07.907,66.0
UHKDHBEI,2025-03-17 22:51:07.976,64.0
DVJRPG5L,2025-03-17 22:51:08.042,65.0
C71T9NVN,2025-03-17 22:51:08.096,68.0
F752IGI0,2025-03-17 22:51:08.161,81.0
O3FSNJ3R,2025-03-17 22:51:08.224,74.0
85ZLN7U9,2025-03-17 22:51:08.288,83.0
BVUXDZNM,2025-03-17 22:51:08.350,64.0
W8VB69QA,2025-03-17 22:51:08.414,63.0
N01UEBJJ,2025-03-17 22:51:08.477,64.0
V2QF59VP,2025-03-17 22:51:08.543,59.0
XFOA6TA1,2025-03-17 22:51:08.605,81.0
MFMX173M,2025-03-17 22:51:08.668,65.0
3SXUVIJ4,2025-03-17 22:51:08.731,83.0
5YRK3OSE,2025-03-17 22:51:08.794,62.0
5757H93A,2025-03-17 22:51:08.858,83.0
V35V8ZYE,2025-03-17 22:51:08.922,81.0
5GS5BO5O,2025-03-17 22:51:08.987,64.0
44VWNFVM,2025-03-17 22:51:09.048,61.0
O6INIBJ0,2025-03-17 22:51:09.112,74.0
1VJ1X906,2025-03-17 22:51:09.176,80.0
CPPK2WLN,2025-03-17 22:51:09.240,65.0
OZ4AL7U0,2025-03-17 22:51:09.303,70.0
F1RC3TUG,2025-03-17 22:51:09.366,64.0
LIT2MCW1,2025-03-17 22:51:09.429,76.0
E2LBHMJA,2025-03-17 22:51:09.493,88.0
A2GDEIZ2,2025-03-17 22:51:09.556,77.0
GRX09FG6,2025-03-17 22:51:09.620,66.0
XRDT81VI,2025-03-17 22:51:09.684,70.0
AD65K0PJ,2025-03-17 22:51:09.747,88.0
D55JAFQS,2025-03-17 22:51:09.810,77.0
9Z08PQH2,2025-03-17 22:51:09.874,81.0
N20KHLUM,2025-03-17 22:51:09.937,78.0
L5O5CL90,2025-03-17 22:51:10.001,80.0
MPR4BF19,2025-03-17 22:51:10.064,83.0
YRVL7U2H,2025-03-17 22:51:10.136,72.0
GDWA96ZM,2025-03-17 22:51:10.210,76.0
UJ3RCAEL,2025-03-17 22:51:10.255,81.0
C451YB3D,2025-03-17 22:51:10.338,81.0
0A1TZJAT,2025-03-17 22:51:10.381,78.0
9L3T9XNK,2025-03-17 22:51:10.445,77.0
H3LZ482J,2025-03-17 22:51:10.507,85.0
A0B8IO17,2025-03-17 22:51:10.570,82.0
E3SSNNRI,2025-03-17 22:51:10.655,81.0
5A2W1MAO,2025-03-17 22:51:10.697,80.0
7E7QT9N3,2025-03-17 22:51:10.760,80.0
RHLZ1HRU,2025-03-17 22:51:10.842,78.0
DAV6C7Q4,2025-03-17 22:51:10.888,94.0
5D1995NB,2025-03-17 22:51:10.984,86.0
HV3JHZMI,2025-03-17 22:51:11.072,72.0
10KLX6P7,2025-03-17 22:51:11.142,69.0
YK5F630J,2025-03-17 22:51:11.146,65.0
AQMAYTT6,2025-03-17 22:51:11.206,77.0
RD7W9XBX,2025-03-17 22:51:11.270,72.0
4MYSINDM,2025-03-17 22:51:11.344,71.0
C8W0GZE1,2025-03-17 22:51:11.418,66.0
SA9AKZOL,2025-03-17 22:51:11.487,70.0
EA8WS40M,2025-03-17 22:51:11.560,71.0
JBGZS48E,2025-03-17 22:51:11.586,83.0
U4KPZ2J6,2025-03-17 22:51:11.671,85.0
AU23UHNM,2025-03-17 22:51:11.713,66.0
3446V4HJ,2025-03-17 22:51:11.782,64.0
II5S96I4,2025-03-17 22:51:11.840,68.0
F1C8W6ER,2025-03-17 22:51:11.904,74.0
CBGRH6J4,2025-03-17 22:51:11.966,65.0
FDA5SRLF,2025-03-17 22:51:12.030,74.0
41K1A6XK,2025-03-17 22:51:12.093,63.0
RT7JY845,2025-03-17 22:51:12.164,67.0
SF7MJRGQ,2025-03-17 22:51:12.233,63.0
M7QSN73I,2025-03-17 22:51:12.285,64.0
L2FO0PA0,2025-03-17 22:51:12.349,68.0
WAKXNKVU,2025-03-17 22:51:12.411,68.0
PI3FFRW7,2025-03-17 22:51:12.481,64.0
C4R6F3TU,2025-03-17 22:51:12.539,85.0
L8GJU2A5,2025-03-17 22:51:12.602,67.0
GTV6X73Q,2025-03-17 22:51:12.671,65.0
LTZCJF1N,2025-03-17 22:51:12.729,68.0
1LMNGP4K,2025-03-17 22:51:12.792,62.0
KJCVAYBJ,2025-03-17 22:51:12.857,62.0
KAOQ6SKP,2025-03-17 22:51:12.920,71.0
0G25WAD2,2025-03-17 22:51:12.983,65.0
I9HV2IV3,2025-03-17 22:51:13.047,64.0
HV9N5FC5,2025-03-17 22:51:13.110,63.0
83JMB2M6,2025-03-17 22:51:13.174,64.0
WE569GU1,2025-03-17 22:51:13.240,65.0
2DXQMNB8,2025-03-17 22:51:13.302,69.0
XP7MD6FR,2025-03-17 22:51:13.364,63.0
M0U79YQJ,2025-03-17 22:51:13.429,61.0
H0MQ2HW0,2025-03-17 22:51:13.492,72.0
AOPFK41M,2025-03-17 22:51:13.556,84.0
XG9KLMU6,2025-03-17 22:51:13.618,68.0
EIUHIHDD,2025-03-17 22:51:13.688,65.0
PERSZCZN,2025-03-17 22:51:13.755,61.0
A4YDJWEY,2025-03-17 22:51:13.809,70.0
IIS8HVXF,2025-03-17 22:51:13.874,85.0
5U3WA37R,2025-03-17 22:51:13.937,68.0
BMFV2MGC,2025-03-17 22:51:14.007,62.0
EN0CCSXE,2025-03-17 22:51:14.064,83.0
QIJIJCO2,2025-03-17 22:51:14.150,81.0
UHU1PROO,2025-03-17 22:51:14.190,63.0
0PBVM96Y,2025-03-17 22:51:14.255,62.0
9OY0IXBC,2025-03-17 22:51:14.317,95.0
BGQ6ZW67,2025-03-17 22:51:14.380,63.0
BEAMDADC,2025-03-17 22:51:14.445,68.0
FQYGD5NV,2025-03-17 22:51:14.508,86.0
DVSX90M4,2025-03-17 22:51:14.570,88.0
T4J9I85X,2025-03-17 22:51:14.633,66.0
WFJFQGYU,2025-03-17 22:51:14.697,84.0
1THK8CGV,2025-03-17 22:51:14.760,70.0
YQ6IFN0D,2025-03-17 22:51:14.824,75.0
R09KGY4S,2025-03-17 22:51:14.886,64.0
9LG0TD4F,2025-03-17 22:51:14.949,72.0
98766PJC,2025-03-17 22:51:15.014,86.0
WBOZ7QGZ,2025-03-17 22:51:15.077,65.0
FYE9YV78,2025-03-17 22:51:15.141,73.0
6K940PIA,2025-03-17 22:51:15.204,62.0
KZ1B6TVV,2025-03-17 22:51:15.269,65.0
0E8X9E7K,2025-03-17 22:51:15.331,82.0
SE12G9CL,2025-03-17 22:51:15.394,75.0
M6ZJ9WDO,2025-03-17 22:51:15.458,71.0
FYINK5BS,2025-03-17 22:51:15.531,68.0
U5OAC5DP,2025-03-17 22:51:15.586,75.0
3NS61GG6,2025-03-17 22:51:15.649,83.0
T94NKLWA,2025-03-17 22:51:15.712,65.0
OFH5S0NG,2025-03-17 22:51:15.775,83.0
2ZRDMENR,2025-03-17 22:51:15.861,82.0
LKQMLLYN,2025-03-17 22:51:15.947,75.0
C2NMNJJB,2025-03-17 22:51:15.967,74.0
6UM4N9R7,2025-03-17 22:51:16.029,64.0
QJMP23EW,2025-03-17 22:51:16.095,67.0
2F0JNSRG,2025-03-17 22:51:16.156,80.0
4AEW970Q,2025-03-17 22:51:16.220,74.0
DLSUS22D,2025-03-17 22:51:16.284,78.0
DU9RQNRN,2025-03-17 22:51:16.347,74.0
SMU4WO40,2025-03-17 22:51:16.410,63.0
KEHE23WP,2025-03-17 22:51:16.474,80.0
AUZB5S4P,2025-03-17 22:51:16.536,71.0
ZRBROOKQ,2025-03-17 22:51:16.600,71.0
1RK5OHER,2025-03-17 22:51:16.673,68.0
O49AOBA0,2025-03-17 22:51:16.727,65.0
QTB7ZS9J,2025-03-17 22:51:16.791,70.0
FT5ISMA0,2025-03-17 22:51:16.863,72.0
1D43J74W,2025-03-17 22:51:16.937,72.0
6UYD71EA,2025-03-17 22:51:16.982,84.0
R6IOC2W6,2025-03-17 22:51:17.069,80.0
6W7IN40X,2025-03-17 22:51:17.110,65.0
IHNWILAO,2025-03-17 22:51:17.171,69.0
9C901CYG,2025-03-17 22:51:17.235,65.0
5J8XXPO8,2025-03-17 22:51:17.299,64.0
D9F87B9V,2025-03-17 22:51:17.362,63.0
BQW2Z9KQ,2025-03-17 22:51:17.425,63.0
29YT45AA,2025-03-17 22:51:17.491,67.0
P80V49CF,2025-03-17 22:51:17.553,77.0
ZS8NI5QI,2025-03-17 22:51:17.616,69.0
KS8CR6WC,2025-03-17 22:51:17.680,64.0
2C5AEYI9,2025-03-17 22:51:17.743,63.0
STUZWCON,2025-03-17 22:51:17.806,65.0
SW06IJER,2025-03-17 22:51:17.870,65.0
6367NDGW,2025-03-17 22:51:17.938,62.0
IXYW0EG1,2025-03-17 22:51:17.999,69.0
JJ7FBTU5,2025-03-17 22:51:18.071,65.0
I6DVD2CM,2025-03-17 22:51:18.124,69.0
LXR6CDK7,2025-03-17 22:51:18.188,66.0
DOPO5VTR,2025-03-17 22:51:18.256,62.0
8380L51I,2025-03-17 22:51:18.315,68.0
JFACR6LQ,2025-03-17 22:51:18.386,65.0
ZNIW32YS,2025-03-17 22:51:18.441,64.0
WTQCMAPQ,2025-03-17 22:51:18.505,82.0
ERMV396O,2025-03-17 22:51:18.568,66.0
75HM9YGA,2025-03-17 22:51:18.633,68.0
0CP9YC6F,2025-03-17 22:51:18.696,74.0
MLFNHETU,2025-03-17 22:51:18.759,66.0
2JORG31P,2025-03-17 22:51:18.827,62.0
1N6JOYO7,2025-03-17 22:51:18.886,71.0
MVCTP5ZR,2025-03-17 22:51:18.949,79.0
X0AGEV3B,2025-03-17 22:51:19.012,68.0
0QHBQ50D,2025-03-17 22:51:19.075,79.0
IDE6F81R,2025-03-17 22:51:19.156,78.0
D0GMWKAX,2025-03-17 22:51:19.236,71.0
SO6OGPWQ,2025-03-17 22:51:19.266,66.0
QNJ9982U,2025-03-17 22:51:19.329,80.0
3QP3JXA4,2025-03-17 22:51:19.392,66.0
6XLVD45P,2025-03-17 22:51:19.455,81.0
P5SN01QS,2025-03-17 22:51:19.518,65.0
AO59ROKK,2025-03-17 22:51:19.582,73.0
WFP1YCS0,2025-03-17 22:51:19.645,77.0
MP6BS50Y,2025-03-17 22:51:19.710,65.0
HMO1KE52,2025-03-17 22:51:19.772,76.0
ONRJGCO5,2025-03-17 22:51:19.836,69.0
RRH85U79,2025-03-17 22:51:19.908,63.0
RSJVZDRK,2025-03-17 22:51:19.974,64.0
WIDV2VE5,2025-03-17 22:51:20.026,71.0
OLNZU8V3,2025-03-17 22:51:20.089,73.0
DPDOZJM3,2025-03-17 22:51:20.153,73.0
8UVRV3RT,2025-03-17 22:51:20.228,66.0
S9L1IVOG,2025-03-17 22:51:20.280,66.0
YY1XA71R,2025-03-17 22:51:20.344,83.0
5OP7WA8D,2025-03-17 22:51:20.407,78.0
R89FVJ9C,2025-03-17 22:51:20.471,63.0
54F7EFRQ,2025-03-17 22:51:20.534,77.0
9IIGYCAY,2025-03-17 22:51:20.613,69.0
HD8NG9Q7,2025-03-17 22:51:20.660,72.0
EBJX4QN6,2025-03-17 22:51:20.724,65.0
HBLOSYJO,2025-03-17 22:51:20.791,64.0
EJ9G9SFU,2025-03-17 22:51:20.851,67.0
6S20V3ID,2025-03-17 22:51:20.920,64.0
B71BWLCB,2025-03-17 22:51:20.979,77.0
DCS7ZJ5S,2025-03-17 22:51:21.041,83.0
F3UVDBN2,2025-03-17 22:51:21.105,63.0
5XW2KHLQ,2025-03-17 22:51:21.171,63.0
JLCDVL9Q,2025-03-17 22:51:21.233,69.0
ICCW3S4D,2025-03-17 22:51:21.296,70.0
J1MGYNZM,2025-03-17 22:51:21.360,76.0
0NJWM8XM,2025-03-17 22:51:21.424,84.0
TVUK6NSH,2025-03-17 22:51:21.487,65.0
A5HBR2M5,2025-03-17 22:51:21.555,64.0
3C6GRIQT,2025-03-17 22:51:21.613,71.0
9YXI2MST,2025-03-17 22:51:21.678,67.0
QST53FBA,2025-03-17 22:51:21.741,88.0
5KY3K7AM,2025-03-17 22:51:21.804,63.0
Y07ACYJV,2025-03-17 22:51:21.870,81.0
JYZISTIZ,2025-03-17 22:51:21.932,77.0
500IE8J0,2025-03-17 22:51:21.994,63.0
2QOOFUZ5,2025-03-17 22:51:22.059,63.0
Z5SY82R8,2025-03-17 22:51:22.127,65.0
3Y69QPXT,2025-03-17 22:51:22.185,82.0
9MKAX880,2025-03-17 22:51:22.247,67.0
RLZ9ARHW,2025-03-17 22:51:22.311,69.0
8UNCO8L7,2025-03-17 22:51:22.375,82.0
F42OA005,2025-03-17 22:51:22.438,79.0
JYW006BW,2025-03-17 22:51:22.500,66.0
TLOLGCKR,2025-03-17 22:51:22.568,61.0
UX24HKYA,2025-03-17 22:51:22.629,77.0
6F99YH8J,2025-03-17 22:51:22.709,76.0
GX0S9OE2,2025-03-17 22:51:22.756,81.0
QAP5GBFU,2025-03-17 22:51:22.819,68.0
E3NONOPX,2025-03-17 22:51:22.883,81.0
XSUP8VWQ,2025-03-17 22:51:22.946,84.0
AM9W0YHU,2025-03-17 22:51:23.009,62.0
33QYS04O,2025-03-17 22:51:23.073,72.0
XX2FEMNF,2025-03-17 22:51:23.137,82.0
NTLHVP24,2025-03-17 22:51:23.201,69.0
5PHN4KZF,2025-03-17 22:51:23.263,81.0
REI2B7NK,2025-03-17 22:51:23.326,63.0
LQJECGIS,2025-03-17 22:51:23.390,80.0
ZD85V9PZ,2025-03-17 22:51:23.454,66.0
E0G6L2MV,2025-03-17 22:51:23.517,66.0
W9S8IIMW,2025-03-17 22:51:23.584,85.0
8I27FPRR,2025-03-17 22:51:23.670,80.0
3DYA1AIR,2025-03-17 22:51:23.708,67.0
VYT3BGKX,2025-03-17 22:51:23.777,65.0
8W71KGGN,2025-03-17 22:51:23.834,71.0
2DUDF2NI,2025-03-17 22:51:23.898,72.0
RMPX0UZT,2025-03-17 22:51:23.961,71.0
HJOJV8HK,2025-03-17 22:51:24.024,67.0
ZL4G91I1,2025-03-17 22:51:24.094,64.0
BO7I3YH1,2025-03-17 22:51:24.160,65.0
QNYI1KPZ,2025-03-17 22:51:24.227,64.0
YHF78P6B,2025-03-17 22:51:24.279,69.0
GKUFUJKM,2025-03-17 22:51:24.342,79.0
H8EB7413,2025-03-17 22:51:24.423,80.0
V8HQWMKQ,2025-03-17 22:51:24.505,79.0
PWAW8CA7,2025-03-17 22:51:24.533,66.0
B9J02Y8Q,2025-03-17 22:51:24.595,64.0
X1NG2SUA,2025-03-17 22:51:24.659,70.0
0R6KQ3QX,2025-03-17 22:51:24.731,63.0
TQCGWGGW,2025-03-17 22:51:24.786,79.0
LVK3GB4M,2025-03-17 22:51:24.849,64.0
83F6BSUH,2025-03-17 22:51:24.912,64.0
87CTNOTS,2025-03-17 22:51:24.976,79.0
VFNPR0SD,2025-03-17 22:51:25.040,63.0
5O9AV5C8,2025-03-17 22:51:25.103,80.0
WBV18M9E,2025-03-17 22:51:25.166,63.0
69I6IUE5,2025-03-17 22:51:25.231,70.0
2W1AG23S,2025-03-17 22:51:25.294,62.0
67QES7CW,2025-03-17 22:51:25.357,64.0
MRM59G7P,2025-03-17 22:51:25.421,73.0
KO034O3F,2025-03-17 22:51:25.497,72.0
PV6W8G6H,2025-03-17 22:51:25.571,70.0
KZ85C97W,2025-03-17 22:51:25.613,85.0
1CMUBLAL,2025-03-17 22:51:25.674,64.0
XOL7Z1X0,2025-03-17 22:51:25.739,83.0
H8NZ2EUW,2025-03-17 22:51:25.802,68.0
MI7IJ0WQ,2025-03-17 22:51:25.865,61.0
0RB0ERF7,2025-03-17 22:51:25.929,62.0
OK6FBVCI,2025-03-17 22:51:25.997,66.0
GIH48Y3I,2025-03-17 22:51:26.066,63.0
QG93D4NK,2025-03-17 22:51:26.125,84.0
63XB3F7W,2025-03-17 22:51:26.187,62.0
HA8RKOBU,2025-03-17 22:51:26.252,72.0
MJ22MINH,2025-03-17 22:51:26.326,66.0
DO81ABBU,2025-03-17 22:51:26.379,89.0
VGPTKDLA,2025-03-17 22:51:26.442,63.0
4SB9XRVX,2025-03-17 22:51:26.506,84.0
RUEZTYJ4,2025-03-17 22:51:26.569,65.0
XOQ5V7LJ,2025-03-17 22:51:26.636,63.0
9NI9RZZ9,2025-03-17 22:51:26.698,72.0
60977PVU,2025-03-17 22:51:26.760,72.0
LZEXLQJM,2025-03-17 22:51:26.835,65.0
TNRQ28T3,2025-03-17 22:51:26.887,61.0
V0UTOSBD,2025-03-17 22:51:26.951,64.0
MYH3I6ZD,2025-03-17 22:51:27.015,61.0
HCF0CNOU,2025-03-17 22:51:27.078,63.0
MJGS0IWW,2025-03-17 22:51:27.141,63.0
1DQWBMCQ,2025-03-17 22:51:27.204,66.0
Q56RUJ0N,2025-03-17 22:51:27.272,65.0
9K5YJBNB,2025-03-17 22:51:27.331,66.0
G41AWTPF,2025-03-17 22:51:27.395,73.0
TBCY4YGL,2025-03-17 22:51:27.465,65.0
NQOT916Y,2025-03-17 22:51:27.532,67.0
0SKCTE5C,2025-03-17 22:51:27.585,79.0
2HY0RIZP,2025-03-17 22:51:27.649,64.0
9R9WXR41,2025-03-17 22:51:27.712,84.0
DFTENB51,2025-03-17 22:51:27.776,61.0
J0YWA71E,2025-03-17 22:51:27.840,64.0
O3DC41H2,2025-03-17 22:51:27.902,61.0
P1INVURN,2025-03-17 22:51:27.967,63.0
88SNHUZI,2025-03-17 22:51:28.029,61.0
XUUSYJIK,2025-03-17 22:51:28.093,64.0
U0QKB8JM,2025-03-17 22:51:28.157,72.0
GLJTVPHI,2025-03-17 22:51:28.220,79.0
EITW4VUL,2025-03-17 22:51:28.301,79.0
HLQR6PD7,2025-03-17 22:51:28.382,82.0
PLHFEX1J,2025-03-17 22:51:28.411,65.0
RAKPYCDY,2025-03-17 22:51:28.474,61.0
DGWAO6J6,2025-03-17 22:51:28.538,64.0
DU09I6EV,2025-03-17 22:51:28.602,83.0
965EIT1X,2025-03-17 22:51:28.664,64.0
SUOFC2VZ,2025-03-17 22:51:28.728,68.0
ZF5TNB8E,2025-03-17 22:51:28.791,66.0
M9OZGLN2,2025-03-17 22:51:28.855,63.0
GUZD9L1J,2025-03-17 22:51:28.919,85.0
DKWJZY1D,2025-03-17 22:51:29.007,81.0
7H0H6M63,2025-03-17 22:51:29.045,81.0
3IA8AWFF,2025-03-17 22:51:29.128,79.0
AK94FXSG,2025-03-17 22:51:29.172,61.0
C7D7P0KV,2025-03-17 22:51:29.236,95.0
4ED4RZBP,2025-03-17 22:51:29.333,88.0
C4KX45XJ,2025-03-17 22:51:29.363,68.0
GPOOHU6T,2025-03-17 22:51:29.427,64.0
I7W8975D,2025-03-17 22:51:29.491,76.0
KGHRTEWK,2025-03-17 22:51:29.569,75.0
2I5NYE3R,2025-03-17 22:51:29.617,63.0
Y1FOL688,2025-03-17 22:51:29.681,66.0
T15JJIES,2025-03-17 22:51:29.749,63.0
OQNXIGHV,2025-03-17 22:51:29.813,62.0
RHG14R5C,2025-03-17 22:51:29.877,64.0
A4MUEXI7,2025-03-17 22:51:29.934,73.0
LYKA1L25,2025-03-17 22:51:29.997,62.0
DQ0QN7BY,2025-03-17 22:51:30.061,72.0
AY4G82U0,2025-03-17 22:51:30.124,62.0
8L6A5NRU,2025-03-17 22:51:30.188,77.0
C85N07W6,2025-03-17 22:51:30.250,63.0
N9CLZE49,2025-03-17 22:51:30.316,61.0
5IQ56VXP,2025-03-17 22:51:30.378,74.0
KGW3BB4G,2025-03-17 22:51:30.441,79.0
F8QN5WZK,2025-03-17 22:51:30.506,76.0
BQF7YUO1,2025-03-17 22:51:30.584,68.0
BCGGOV86,2025-03-17 22:51:30.633,66.0
7XMZCSPK,2025-03-17 22:51:30.697,78.0
ROQY6AOC,2025-03-17 22:51:30.777,65.0
NF9FWW60,2025-03-17 22:51:30.823,63.0
FFE8U9HU,2025-03-17 22:51:30.889,60.0
HVFBEU2V,2025-03-17 22:51:30.951,75.0
HN92ZEF5,2025-03-17 22:51:31.015,67.0
O2BSNE2A,2025-03-17 22:51:31.077,63.0
3VVLL7OF,2025-03-17 22:51:31.142,60.0
W7HOX9GR,2025-03-17 22:51:31.204,80.0
U6KKJVJ4,2025-03-17 22:51:31.268,71.0
ZGHE4XJB,2025-03-17 22:51:31.332,67.0
06BNN5OV,2025-03-17 22:51:31.396,78.0
3Q1RPRBN,2025-03-17 22:51:31.460,71.0
7ALU33SG,2025-03-17 22:51:31.534,66.0
CHF9ZUOF,2025-03-17 22:51:31.586,67.0
OURW1B59,2025-03-17 22:51:31.650,67.0
H1AEP9R5,2025-03-17 22:51:31.713,66.0
3CVK20T7,2025-03-17 22:51:31.778,69.0
V9P7FVO6,2025-03-17 22:51:31.841,65.0
7XNC0N1A,2025-03-17 22:51:31.904,72.0
HS5NLPSZ,2025-03-17 22:51:31.969,79.0
MY8PBD0K,2025-03-17 22:51:32.050,78.0
LIGAU404,2025-03-17 22:51:32.096,75.0
G2HSMPZT,2025-03-17 22:51:32.158,86.0
QCY15J1L,2025-03-17 22:51:32.222,68.0
BHUH8LJO,2025-03-17 22:51:32.292,66.0
ZL5EOUGQ,2025-03-17 22:51:32.350,68.0
37L4XWJQ,2025-03-17 22:51:32.420,67.0
OY1J31CA,2025-03-17 22:51:32.478,76.0
S53KE5LN,2025-03-17 22:51:32.541,74.0
ICCEVEO5,2025-03-17 22:51:32.604,80.0
0US2CC5W,2025-03-17 22:51:32.668,87.0
318J4HJT,2025-03-17 22:51:32.732,72.0
I5PRI7MB,2025-03-17 22:51:32.795,75.0
X2TPO7VE,2025-03-17 22:51:32.871,70.0
B7E3D25Z,2025-03-17 22:51:32.923,71.0
RMZOS7AI,2025-03-17 22:51:32.984,71.0
WEU7XHH7,2025-03-17 22:51:33.057,66.0
260CZF06,2025-03-17 22:51:33.111,80.0
Q0BDAQX0,2025-03-17 22:51:33.193,77.0
FD14XVZE,2025-03-17 22:51:33.272,71.0
EOP3IYPC,2025-03-17 22:51:33.344,71.0
FODKOGIE,2025-03-17 22:51:33.417,65.0
BY0Q4FA4,2025-03-17 22:51:33.431,66.0
20OPNTBH,2025-03-17 22:51:33.494,85.0
XFO1YOCL,2025-03-17 22:51:33.556,68.0
ZA392BF7,2025-03-17 22:51:33.627,67.0
RWBDWAWQ,2025-03-17 22:51:33.683,70.0
SYTW9XUE,2025-03-17 22:51:33.758,61.0
2T5YCIFK,2025-03-17 22:51:33.811,81.0
GC9EG8YC,2025-03-17 22:51:33.874,67.0
OS7P603G,2025-03-17 22:51:33.943,61.0
YRCFAZIT,2025-03-17 22:51:34.001,82.0
4EXXVIBO,2025-03-17 22:51:34.066,72.0
XW5QZ9F2,2025-03-17 22:51:34.140,66.0
F2V8908S,2025-03-17 22:51:34.191,66.0
8GG13FKF,2025-03-17 22:51:34.255,83.0
IED1AIID,2025-03-17 22:51:34.340,84.0
B9BC4M4S,2025-03-17 22:51:34.427,73.0
12VOKSSM,2025-03-17 22:51:34.502,63.0
Z22EC35G,2025-03-17 22:51:34.507,62.0
PPF080MT,2025-03-17 22:51:34.571,69.0
B3CD8ZZG,2025-03-17 22:51:34.642,65.0
6WEONXP2,2025-03-17 22:51:34.698,71.0
UXTQMDCF,2025-03-17 22:51:34.762,72.0
WZTOKVBO,2025-03-17 22:51:34.825,63.0
VYB760KK,2025-03-17 22:51:34.889,63.0
IIZ00Z0Y,2025-03-17 22:51:34.955,64.0
ERCVPLP6,2025-03-17 22:51:35.021,65.0
KBAXZRH3,2025-03-17 22:51:35.079,69.0
458L8J1O,2025-03-17 22:51:35.143,78.0
GX5PO528,2025-03-17 22:51:35.205,64.0
Y6GDDWI2,2025-03-17 22:51:35.269,61.0
QF33ED7S,2025-03-17 22:51:35.333,65.0
17JT9GQ6,2025-03-17 22:51:35.396,80.0
C3DLZY29,2025-03-17 22:51:35.479,80.0
DQJ0ZC6E,2025-03-17 22:51:35.522,80.0
Q9G4V8KV,2025-03-17 22:51:35.586,79.0
ACIHP4R4,2025-03-17 22:51:35.667,66.0
IN5SV3ZK,2025-03-17 22:51:35.712,80.0
BIXV3RZO,2025-03-17 22:51:35.777,68.0
RQWJHUR0,2025-03-17 22:51:35.840,73.0
THXXAYTT,2025-03-17 22:51:35.903,62.0
JY24QEYN,2025-03-17 22:51:35.966,80.0
JJ6OOIAN,2025-03-17 22:51:36.032,64.0
6V19IO7Y,2025-03-17 22:51:36.095,62.0
REQUKTYN,2025-03-17 22:51:36.157,79.0
7D29SDA7,2025-03-17 22:51:36.238,78.0
POQB48E7,2025-03-17 22:51:36.285,64.0
D1CEIIB5,2025-03-17 22:51:36.347,87.0
0FJVQ054,2025-03-17 22:51:36.436,71.0
HJ1NNUOH,2025-03-17 22:51:36.474,64.0
FKJWZBUG,2025-03-17 22:51:36.540,68.0
CNQJ65JE,2025-03-17 22:51:36.611,63.0
L687CTYL,2025-03-17 22:51:36.665,64.0
O7NA2W9K,2025-03-17 22:51:36.728,69.0
JDZYJ7MJ,2025-03-17 22:51:36.791,83.0
PG1F5KMH,2025-03-17 22:51:36.855,63.0
DH58V2T4,2025-03-17 22:51:36.919,62.0
YKNG9SF7,2025-03-17 22:51:36.982,63.0
DA5WYKWP,2025-03-17 22:51:37.048,64.0
JULY53P6,2025-03-17 22:51:37.114,63.0
JOSJYUR6,2025-03-17 22:51:37.172,64.0
BIMYKDIY,2025-03-17 22:51:37.239,61.0
3MPFVZJQ,2025-03-17 22:51:37.298,63.0
DIWJSCG4,2025-03-17 22:51:37.362,70.0
U5ZRK4I8,2025-03-17 22:51:37.425,63.0
PLY2D45Z,2025-03-17 22:51:37.489,64.0
T751X5G5,2025-03-17 22:51:37.552,63.0
0ZEQ190O,2025-03-17 22:51:37.616,66.0
O9HGJ2BF,2025-03-17 22:51:37.679,80.0
3W4HIWBZ,2025-03-17 22:51:37.742,65.0
GX8M9G9S,2025-03-17 22:51:37.805,80.0
ZBKK4N2O,2025-03-17 22:51:37.887,69.0
NYYIM731,2025-03-17 22:51:37.958,68.0
HIJEWNPA,2025-03-17 22:51:37.996,69.0
XKPG7B4Z,2025-03-17 22:51:38.058,63.0
WIZPZ3IJ,2025-03-17 22:51:38.122,69.0
ZIEK3IYE,2025-03-17 22:51:38.185,71.0
6I9EP0E3,2025-03-17 22:51:38.249,71.0
KEPMZ0QD,2025-03-17 22:51:38.312,66.0
2R03GB9U,2025-03-17 22:51:38.376,63.0
MGFMG3WA,2025-03-17 22:51:38.439,65.0
R1MI61CO,2025-03-17 22:51:38.502,80.0
39X8EZCN,2025-03-17 22:51:38.585,78.0
FUEBC5D3,2025-03-17 22:51:38.629,70.0
4BDX619X,2025-03-17 22:51:38.692,72.0
9YSGRI19,2025-03-17 22:51:38.755,76.0
IJXAXY0M,2025-03-17 22:51:38.819,81.0
6BS3RVG9,2025-03-17 22:51:38.883,70.0
1QMDGAPV,2025-03-17 22:51:38.945,82.0
LV1PSKRD,2025-03-17 22:51:39.008,65.0
2DW5JT1G,2025-03-17 22:51:39.071,66.0
YNVA5RTX,2025-03-17 22:51:39.136,79.0
JV3PMTHH,2025-03-17 22:51:39.199,83.0
L7BGU575,2025-03-17 22:51:39.263,63.0
JC4J3YOV,2025-03-17 22:51:39.327,79.0
HBZFHAL3,2025-03-17 22:51:39.389,81.0
ZKH8P5FJ,2025-03-17 22:51:39.453,83.0
SCO1JALE,2025-03-17 22:51:39.516,63.0
Z4FDVLAM,2025-03-17 22:51:39.579,79.0
R3J65PF6,2025-03-17 22:51:39.661,67.0
D95MTXAL,2025-03-17 22:51:39.706,62.0
IKELO0M6,2025-03-17 22:51:39.770,62.0
L8IHZXCO,2025-03-17 22:51:39.834,75.0
ONUI7Y07,2025-03-17 22:51:39.911,70.0
KH9K7V6R,2025-03-17 22:51:39.961,64.0
VMOBHWMQ,2025-03-17 22:51:40.024,63.0
HDQZEUFS,2025-03-17 22:51:40.088,67.0
HG0YGHQH,2025-03-17 22:51:40.157,65.0
QBDX4YOR,2025-03-17 22:51:40.215,63.0
MPYIN40G,2025-03-17 22:51:40.280,62.0
NZBG80B6,2025-03-17 22:51:40.342,63.0
6SK8UMNK,2025-03-17 22:51:40.408,61.0
XJ3FL42K,2025-03-17 22:51:40.468,82.0
5F9R9W7W,2025-03-17 22:51:40.533,80.0
4PNMAVH8,2025-03-17 22:51:40.595,80.0
EBSQG5MJ,2025-03-17 22:51:40.658,80.0
KDW4SZFU,2025-03-17 22:51:40.721,65.0
Y38QBDI5,2025-03-17 22:51:40.786,68.0
3C7B6KQ1,2025-03-17 22:51:40.849,80.0
8IBNQXLB,2025-03-17 22:51:40.912,82.0
BG0A7STC,2025-03-17 22:51:40.975,81.0
X15CYV7B,2025-03-17 22:51:41.058,72.0
R4QGZGUM,2025-03-17 22:51:41.102,81.0
4U7348FF,2025-03-17 22:51:41.185,82.0
LZZ4Z65G,2025-03-17 22:51:41.269,78.0
1CAQWGJL,2025-03-17 22:51:41.293,64.0
RVEU28AG,2025-03-17 22:51:41.356,68.0
9AXAK66X,2025-03-17 22:51:41.419,65.0
EDS89FJY,2025-03-17 22:51:41.486,67.0
9B7Q8PIK,2025-03-17 22:51:41.546,63.0
KM09TZWP,2025-03-17 22:51:41.610,64.0
9GVNF57R,2025-03-17 22:51:41.672,65.0
NE64XJCT,2025-03-17 22:51:41.736,73.0
LEZEIDOZ,2025-03-17 22:51:41.811,68.0
TYAHJSQ1,2025-03-17 22:51:41.864,68.0
UPNURURG,2025-03-17 22:51:41.928,62.0
54BR490P,2025-03-17 22:51:41.990,66.0
J7NMTVWI,2025-03-17 22:51:42.054,68.0
6TI2B6UD,2025-03-17 22:51:42.124,62.0
1IW2JGM1,2025-03-17 22:51:42.188,67.0
0RFP24D6,2025-03-17 22:51:42.257,61.0
MK4HTWK4,2025-03-17 22:51:42.309,80.0
TYSYYTCK,2025-03-17 22:51:42.391,79.0
TG2ZPIIS,2025-03-17 22:51:42.473,68.0
836ADZ9L,2025-03-17 22:51:42.543,64.0
537NAZJN,2025-03-17 22:51:42.563,65.0
KK995NAG,2025-03-17 22:51:42.625,69.0
N4LD5WY4,2025-03-17 22:51:42.689,64.0
X3PFVAKE,2025-03-17 22:51:42.752,61.0
7AR6C7WZ,2025-03-17 22:51:42.815,67.0
JKFDBVW0,2025-03-17 22:51:42.879,71.0
C4UX8X52,2025-03-17 22:51:42.942,63.0
P9KIA010,2025-03-17 22:51:43.006,65.0
3VODWUVT,2025-03-17 22:51:43.073,64.0
2B0WJFNG,2025-03-17 22:51:43.140,64.0
XCTOX3KD,2025-03-17 22:51:43.196,64.0
SDGU4L8W,2025-03-17 22:51:43.259,62.0
0ZTHQBTV,2025-03-17 22:51:43.324,79.0
RR24EU91,2025-03-17 22:51:43.405,77.0
NR8281RH,2025-03-17 22:51:43.485,64.0
SXLYZS5V,2025-03-17 22:51:43.514,63.0
J94LOS7A,2025-03-17 22:51:43.577,63.0
DD3WYD1P,2025-03-17 22:51:43.640,66.0
51RDDZY4,2025-03-17 22:51:43.704,63.0
FGN8NC7I,2025-03-17 22:51:43.767,75.0
MYITLKMT,2025-03-17 22:51:43.830,64.0
X99MKBZ7,2025-03-17 22:51:43.894,77.0
2PH80OIX,2025-03-17 22:51:43.973,75.0
FGVT1W80,2025-03-17 22:51:44.021,61.0
28II8UBW,2025-03-17 22:51:44.085,60.0
OL7RUQTO,2025-03-17 22:51:44.148,80.0
LJY0IXR0,2025-03-17 22:51:44.212,61.0
BJ2QFL5R,2025-03-17 22:51:44.276,65.0
EZ88CBC0,2025-03-17 22:51:44.339,61.0
GKMG0TAS,2025-03-17 22:51:44.403,81.0
JZNZEREN,2025-03-17 22:51:44.466,70.0
FW151GGI,2025-03-17 22:51:44.530,82.0
X4N9J01F,2025-03-17 22:51:44.614,79.0
J10FNE9K,2025-03-17 22:51:44.656,68.0
K35GPVE8,2025-03-17 22:51:44.721,64.0
44GRKCR6,2025-03-17 22:51:44.783,62.0
MG7NHM73,2025-03-17 22:51:44.847,64.0
5ID79LI7,2025-03-17 22:51:44.909,66.0
POL2R1DO,2025-03-17 22:51:44.973,63.0
4IS4OI5E,2025-03-17 22:51:45.038,72.0
F0YMK7MW,2025-03-17 22:51:45.112,66.0
QCKIZEB7,2025-03-17 22:51:45.164,65.0
G5GYULLV,2025-03-17 22:51:45.227,61.0
BADAUDMA,2025-03-17 22:51:45.292,71.0
7DX2Y8IL,2025-03-17 22:51:45.356,73.0
VNC8KLDG,2025-03-17 22:51:45.419,78.0
9E23OXEN,2025-03-17 22:51:45.499,77.0
GR8SXNVU,2025-03-17 22:51:45.546,63.0
PIDLGHL0,2025-03-17 22:51:45.608,82.0
SUSFB3OR,2025-03-17 22:51:45.673,64.0
7UZ7N0HJ,2025-03-17 22:51:45.736,67.0
MYC1MO3P,2025-03-17 22:51:45.800,66.0
04YLQ56I,2025-03-17 22:51:45.862,69.0
3VSRNW7U,2025-03-17 22:51:45.927,83.0
JCQJ1SQV,2025-03-17 22:51:45.989,67.0
X0RMT2AF,2025-03-17 22:51:46.054,64.0
24Q472C8,2025-03-17 22:51:46.116,82.0
DHBN6Y5H,2025-03-17 22:51:46.180,65.0
YNEKF42P,2025-03-17 22:51:46.247,64.0
9CY784E9,2025-03-17 22:51:46.308,80.0
DYH844RY,2025-03-17 22:51:46.371,64.0
UDPKAUY9,2025-03-17 22:51:46.434,81.0
H2OVL3RD,2025-03-17 22:51:46.498,64.0
1T22MVJQ,2025-03-17 22:51:46.561,85.0
5T2SLD2C,2025-03-17 22:51:46.624,66.0
TAFVAG57,2025-03-17 22:51:46.692,63.0
Y049JRE8,2025-03-17 22:51:46.757,63.0
QHZ6PRAW,2025-03-17 22:51:46.814,80.0
30AW0WY8,2025-03-17 22:51:46.877,68.0
JHXTSBP9,2025-03-17 22:51:46.947,61.0
TT9ML3DS,2025-03-17 22:51:47.004,78.0
E8LXUVMP,2025-03-17 22:51:47.068,73.0
N3KV9L5N,2025-03-17 22:51:47.130,60.0
HA02OD29,2025-03-17 22:51:47.195,69.0
AJ8ABBWZ,2025-03-17 22:51:47.257,62.0
B6WEEHVZ,2025-03-17 22:51:47.321,68.0
2VCIAX8T,2025-03-17 22:51:47.385,64.0
HTKBPBYD,2025-03-17 22:51:47.447,79.0
CBV50TTR,2025-03-17 22:51:47.512,65.0
9IT2HU35,2025-03-17 22:51:47.575,84.0
6L8JB6AD,2025-03-17 22:51:47.638,62.0
NNFAEKMZ,2025-03-17 22:51:47.702,65.0
C9S4EL0Q,2025-03-17 22:51:47.765,62.0
R1A7810I,2025-03-17 22:51:47.830,61.0
6U4B0FPB,2025-03-17 22:51:47.891,81.0
2RNJYXYY,2025-03-17 22:51:47.974,79.0
9NUIVRQO,2025-03-17 22:51:48.019,65.0
4I96IZP2,2025-03-17 22:51:48.081,69.0
94T1FESR,2025-03-17 22:51:48.152,68.0
QD7AVCZD,2025-03-17 22:51:48.208,78.0
XMJFQTXM,2025-03-17 22:51:48.272,72.0
UJ0PVVSX,2025-03-17 22:51:48.335,77.0
I03UCF69,2025-03-17 22:51:48.399,67.0
4JD1D8Z7,2025-03-17 22:51:48.462,67.0
KJ9661FZ,2025-03-17 22:51:48.525,63.0
EWRGMQVM,2025-03-17 22:51:48.590,60.0
PNTKRUMQ,2025-03-17 22:51:48.652,79.0
LN05MOSG,2025-03-17 22:51:48.715,84.0
1FXE6TAU,2025-03-17 22:51:48.801,81.0
VFS5CHXS,2025-03-17 22:51:48.842,65.0
J9PSRKRB,2025-03-17 22:51:48.905,63.0
JXETO2JF,2025-03-17 22:51:48.969,83.0
XAUSK2IR,2025-03-17 22:51:49.032,84.0
4A3KMH08,2025-03-17 22:51:49.095,65.0
23JQVV9G,2025-03-17 22:51:49.161,65.0
6TBHBF3G,2025-03-17 22:51:49.223,81.0
JT17XKML,2025-03-17 22:51:49.285,64.0
DMZFYFE2,2025-03-17 22:51:49.349,79.0
DWLPIO81,2025-03-17 22:51:49.412,72.0
KWIPMI0G,2025-03-17 22:51:49.487,68.0
AZ2RUV1W,2025-03-17 22:51:49.540,83.0
I6M5R287,2025-03-17 22:51:49.603,78.0
DTB57TZ1,2025-03-17 22:51:49.683,77.0
7O7HMVD1,2025-03-17 22:51:49.729,82.0
JMKMXURD,2025-03-17 22:51:49.814,83.0
ADWYD14G,2025-03-17 22:51:49.899,70.0
378ZJ69D,2025-03-17 22:51:49.920,74.0
YX9PA5SS,2025-03-17 22:51:50.000,70.0
85AJ9UB9,2025-03-17 22:51:50.047,64.0
GFS6RJYI,2025-03-17 22:51:50.110,66.0
56LPIUD3,2025-03-17 22:51:50.175,74.0
KXINBN1A,2025-03-17 22:51:50.252,67.0
CCL528CU,2025-03-17 22:51:50.301,65.0
C79H3AW3,2025-03-17 22:51:50.365,67.0
6CJKBKWT,2025-03-17 22:51:50.428,85.0
IBJU1I91,2025-03-17 22:51:50.492,63.0
4627Z3VP,2025-03-17 22:51:50.554,81.0
7S9V7H0N,2025-03-17 22:51:50.618,67.0
JQQME4VT,2025-03-17 22:51:50.681,65.0
1G2AEXOW,2025-03-17 22:51:50.744,64.0
Y1L4QWU1,2025-03-17 22:51:50.808,82.0
6NL5IS8R,2025-03-17 22:51:50.893,78.0
Q1EU3DK5,2025-03-17 22:51:50.974,73.0
W2K0KKMA,2025-03-17 22:51:50.999,65.0
M4ZPAM0D,2025-03-17 22:51:51.062,75.0
ZYJ15NR1,2025-03-17 22:51:51.126,66.0
2Z9MYDHJ,2025-03-17 22:51:51.194,65.0
QGZJDRC7,2025-03-17 22:51:51.251,68.0
CMCJW2OE,2025-03-17 22:51:51.315,71.0
7GLSYCQU,2025-03-17 22:51:51.378,79.0
F36HKDXB,2025-03-17 22:51:51.459,80.0
8NWG1I78,2025-03-17 22:51:51.505,69.0
668WNR5V,2025-03-17 22:51:51.568,61.0
P6L9U4QY,2025-03-17 22:51:51.632,67.0
SI530D9M,2025-03-17 22:51:51.695,66.0
35WSL1UR,2025-03-17 22:51:51.758,67.0
GQY47QRR,2025-03-17 22:51:51.827,66.0
YPU4HW2M,2025-03-17 22:51:51.885,64.0
KHUGCJE1,2025-03-17 22:51:51.949,61.0
A64G8Z5G,2025-03-17 22:51:52.012,62.0
3BMAHBV6,2025-03-17 22:51:52.075,78.0
1035UKIM,2025-03-17 22:51:52.138,62.0
0MG6M7DB,2025-03-17 22:51:52.203,61.0
JKFS0QAF,2025-03-17 22:51:52.266,80.0
XZEMOBQG,2025-03-17 22:51:52.330,61.0
U13HL94A,2025-03-17 22:51:52.393,78.0
21IYIBGV,2025-03-17 22:51:52.457,63.0
O3KC6E7V,2025-03-17 22:51:52.522,78.0
YP787MLN,2025-03-17 22:51:52.583,60.0
QYZ4J8WY,2025-03-17 22:51:52.647,79.0
SHRR3U20,2025-03-17 22:51:52.710,82.0
6EZL1A3X,2025-03-17 22:51:52.773,81.0
D6M5SDI4,2025-03-17 22:51:52.837,64.0
IQ7F174B,2025-03-17 22:51:52.900,78.0
5M6IP6AS,2025-03-17 22:51:52.979,65.0
W5RKK9DB,2025-03-17 22:51:53.027,82.0
2078CUIR,2025-03-17 22:51:53.090,81.0
072G6SGP,2025-03-17 22:51:53.153,66.0
N0FYA9VY,2025-03-17 22:51:53.221,61.0
E2XL2JYA,2025-03-17 22:51:53.280,82.0
3GWZQDS7,2025-03-17 22:51:53.344,71.0
RWY32TK1,2025-03-17 22:51:53.417,66.0
43VVOS4G,2025-03-17 22:51:53.479,83.0
LBZQSS3H,2025-03-17 22:51:53.534,81.0
2477HEUA,2025-03-17 22:51:53.598,80.0
R8WF1XRU,2025-03-17 22:51:53.665,83.0
ITH7SLMX,2025-03-17 22:51:53.724,81.0
GILSRH4R,2025-03-17 22:51:53.808,78.0
PIOVWI42,2025-03-17 22:51:53.851,69.0
JVNFRHX4,2025-03-17 22:51:53.916,74.0
MQKV7VKY,2025-03-17 22:51:53.978,69.0
70FMS0HJ,2025-03-17 22:51:54.050,67.0
XSZ0HC2J,2025-03-17 22:51:54.105,65.0
TKCW4HN2,2025-03-17 22:51:54.169,68.0
905HIKC5,2025-03-17 22:51:54.231,79.0
70E06FY2,2025-03-17 22:51:54.312,74.0
YLUY0SKU,2025-03-17 22:51:54.358,70.0
G0ABOU8D,2025-03-17 22:51:54.421,65.0
FRPEB3IL,2025-03-17 22:51:54.486,66.0
KYKJRHKV,2025-03-17 22:51:54.554,65.0
38MPA013,2025-03-17 22:51:54.621,67.0
0AA7IMLS,2025-03-17 22:51:54.676,66.0
ZDMP79G9,2025-03-17 22:51:54.741,66.0
B6XJDYSB,2025-03-17 22:51:54.809,63.0
7IX56L5D,2025-03-17 22:51:54.867,65.0
5TGY2LH6,2025-03-17 22:51:54.931,64.0
PULTU316,2025-03-17 22:51:54.994,71.0
9BFCMYT7,2025-03-17 22:51:55.058,62.0
8UNQUIOE,2025-03-17 22:51:55.121,65.0
AE9MHMMN,2025-03-17 22:51:55.185,80.0
VRSFABGU,2025-03-17 22:51:55.248,63.0
0TCTRPF5,2025-03-17 22:51:55.313,66.0
71ZFLZ98,2025-03-17 22:51:55.381,63.0
DBVD4INZ,2025-03-17 22:51:55.437,63.0
O56QMEZW,2025-03-17 22:51:55.500,67.0
KI1G4AVD,2025-03-17 22:51:55.566,73.0
J3FIDAGO,2025-03-17 22:51:55.641,65.0
EX0UPLF8,2025-03-17 22:51:55.690,64.0
3AII7LHG,2025-03-17 22:51:55.754,63.0
V5ROPEGP,2025-03-17 22:51:55.817,81.0
RPH1ANBJ,2025-03-17 22:51:55.882,65.0
JNL5DIQR,2025-03-17 22:51:55.944,78.0
JGUJMIMW,2025-03-17 22:51:56.009,63.0
VXIDDU9M,2025-03-17 22:51:56.072,65.0
L9YFX6Q2,2025-03-17 22:51:56.135,61.0
OM573Q5K,2025-03-17 22:51:56.200,63.0
GN1EYQTW,2025-03-17 22:51:56.262,66.0
GRLN87R1,2025-03-17 22:51:56.326,69.0
AZZMU5D1,2025-03-17 22:51:56.397,66.0
HCU2ZC5I,2025-03-17 22:51:56.453,60.0
5SL53EIK,2025-03-17 22:51:56.516,64.0
WI2NL1R3,2025-03-17 22:51:56.579,72.0
UU8IPN2G,2025-03-17 22:51:56.642,62.0
9WUXIM3C,2025-03-17 22:51:56.706,63.0
HNKBY84Z,2025-03-17 22:51:56.769,65.0
AGUNMWPC,2025-03-17 22:51:56.834,80.0
V81KYUHX,2025-03-17 22:51:56.917,75.0
IWL3QJU1,2025-03-17 22:51:56.960,65.0
NGFE2BM5,2025-03-17 22:51:57.023,80.0
9ULJ3UMV,2025-03-17 22:51:57.105,80.0
VOKETDI3,2025-03-17 22:51:57.187,67.0
HJWQTI24,2025-03-17 22:51:57.214,62.0
L58RQYZS,2025-03-17 22:51:57.277,66.0
8ISNBSBM,2025-03-17 22:51:57.341,72.0
79FY55DI,2025-03-17 22:51:57.415,67.0
L5TLSCIM,2025-03-17 22:51:57.467,79.0
LQ67DH6J,2025-03-17 22:51:57.530,66.0
LTL67EAD,2025-03-17 22:51:57.594,65.0
0QL0ZNPX,2025-03-17 22:51:57.657,62.0
VZ19YZZJ,2025-03-17 22:51:57.722,79.0
XS0TEVAI,2025-03-17 22:51:57.783,63.0
DWKF9S6F,2025-03-17 22:51:57.848,64.0
T844MZYY,2025-03-17 22:51:57.910,79.0
9FXTM588,2025-03-17 22:51:57.975,76.0
SFYEEYL3,2025-03-17 22:51:58.054,76.0
OXQU3PGL,2025-03-17 22:51:58.101,69.0
F3HWCTMA,2025-03-17 22:51:58.166,65.0
5YO2XNZA,2025-03-17 22:51:58.229,63.0
A9JR8PNP,2025-03-17 22:51:58.292,66.0
5NO4YURP,2025-03-17 22:51:58.355,79.0
H2146WWE,2025-03-17 22:51:58.419,64.0
26O8NVI0,2025-03-17 22:51:58.482,68.0
WMTMLF2U,2025-03-17 22:51:58.546,79.0
TPI3ESG1,2025-03-17 22:51:58.609,84.0
NJZF5XK4,2025-03-17 22:51:58.673,66.0
P87ZUPO9,2025-03-17 22:51:58.737,62.0
55XG8XDV,2025-03-17 22:51:58.802,61.0
9X3N23JY,2025-03-17 22:51:58.863,79.0
QICXPCMT,2025-03-17 22:51:58.927,69.0
ZCN7F3UW,2025-03-17 22:51:58.990,80.0
C34IPC7A,2025-03-17 22:51:59.072,79.0
4TWGSLQF,2025-03-17 22:51:59.116,80.0
DU59PGW3,2025-03-17 22:51:59.180,80.0
8P5CNDHJ,2025-03-17 22:51:59.243,65.0
U0QTOB1G,2025-03-17 22:51:59.307,73.0
WUQTBIU4,2025-03-17 22:51:59.382,70.0
4ZDVMRX0,2025-03-17 22:51:59.433,80.0
22G0FR4G,2025-03-17 22:51:59.497,67.0
37RAFVVV,2025-03-17 22:51:59.566,67.0
HZIW4XYG,2025-03-17 22:51:59.623,67.0
9N0PHNHE,2025-03-17 22:51:59.692,63.0
FEUQVUTL,2025-03-17 22:51:59.750,79.0
ST4DS795,2025-03-17 22:51:59.813,62.0
K0Q5FUQ5,2025-03-17 22:51:59.877,71.0
Y7FPHEE1,2025-03-17 22:51:59.939,81.0
CW86ZNJW,2025-03-17 22:52:00.002,64.0
70SI8GEU,2025-03-17 22:52:00.066,79.0
BIDVQPYG,2025-03-17 22:52:00.130,73.0
5G60NFW2,2025-03-17 22:52:00.193,80.0
D8TU2SSD,2025-03-17 22:52:00.256,70.0
JLU5CKCX,2025-03-17 22:52:00.321,86.0
PGRUAGOI,2025-03-17 22:52:00.384,78.0
2LC68AQQ,2025-03-17 22:52:00.464,78.0
PJPPUGYA,2025-03-17 22:52:00.511,82.0
8SO7OFOW,2025-03-17 22:52:00.573,73.0
VRFRZSSZ,2025-03-17 22:52:00.637,82.0
HAWS2VDD,2025-03-17 22:52:00.700,65.0
2Q19Z2BN,2025-03-17 22:52:00.767,62.0
22QXDR4P,2025-03-17 22:52:00.827,62.0
BGVNZ937,2025-03-17 22:52:00.891,80.0
1RYI1V8V,2025-03-17 22:52:00.954,66.0
FS4AS2VU,2025-03-17 22:52:01.017,79.0
PYPV3U0T,2025-03-17 22:52:01.098,79.0
G394WSFV,2025-03-17 22:52:01.179,69.0
G47QCEKR,2025-03-17 22:52:01.207,63.0
6AX93WG6,2025-03-17 22:52:01.271,82.0
9IQFUW6Q,2025-03-17 22:52:01.334,62.0
NTQRXFQZ,2025-03-17 22:52:01.397,68.0
SWBMOVNJ,2025-03-17 22:52:01.461,82.0
J5Q078YI,2025-03-17 22:52:01.524,63.0
DRMHY1SV,2025-03-17 22:52:01.587,84.0
TRXK9LBK,2025-03-17 22:52:01.651,62.0
ML1ESJ1D,2025-03-17 22:52:01.714,85.0
RC8YZWAA,2025-03-17 22:52:01.778,62.0
1ZJVPSDE,2025-03-17 22:52:01.841,62.0
OVSLO0PH,2025-03-17 22:52:01.905,69.0
HU0GEZEL,2025-03-17 22:52:01.968,64.0
IAX4GZNG,2025-03-17 22:52:02.034,62.0
30IDDMMK,2025-03-17 22:52:02.101,63.0
8273M9I2,2025-03-17 22:52:02.159,65.0
CCTETGDF,2025-03-17 22:52:02.222,84.0
N7ZD5KKJ,2025-03-17 22:52:02.287,68.0
L96TYCVP,2025-03-17 22:52:02.350,62.0
7GIGLYOG,2025-03-17 22:52:02.413,63.0
SFY2YDZ6,2025-03-17 22:52:02.476,61.0
MVTZ0HR7,2025-03-17 22:52:02.540,62.0
GIVEXEKZ,2025-03-17 22:52:02.605,62.0
ZSGN3XI3,2025-03-17 22:52:02.669,62.0
XREJD1VD,2025-03-17 22:52:02.736,63.0
C9F7VH83,2025-03-17 22:52:02.795,62.0
7BWJSNNF,2025-03-17 22:52:02.858,64.0
VHZC1PN3,2025-03-17 22:52:02.923,69.0
6JX85QE2,2025-03-17 22:52:02.985,67.0
QXDV70WC,2025-03-17 22:52:03.055,75.0
BQM4HR89,2025-03-17 22:52:03.113,67.0
3LUY0B96,2025-03-17 22:52:03.175,81.0
TKTYXG4Z,2025-03-17 22:52:03.239,71.0
DVEVQX1I,2025-03-17 22:52:03.313,72.0
CZERL6ZT,2025-03-17 22:52:03.388,68.0
WFRLTH4L,2025-03-17 22:52:03.458,65.0
9VYJD0AR,2025-03-17 22:52:03.493,103.0
L4UMOW53,2025-03-17 22:52:03.559,81.0
1HRL3ADU,2025-03-17 22:52:03.622,72.0
FFEE8DDI,2025-03-17 22:52:03.684,79.0
FODSY964,2025-03-17 22:52:03.748,66.0
D1PRS29H,2025-03-17 22:52:03.812,65.0
PWWNPBJG,2025-03-17 22:52:03.876,76.0
Y79R7YR9,2025-03-17 22:52:03.940,63.0
EH7RIFLJ,2025-03-17 22:52:04.003,80.0
IQ11RNVN,2025-03-17 22:52:04.067,61.0
FP7LNMT1,2025-03-17 22:52:04.131,63.0
ZV95MUPK,2025-03-17 22:52:04.194,75.0
SNUVYBMC,2025-03-17 22:52:04.271,76.0
HB6YPI8E,2025-03-17 22:52:04.320,65.0
0WTARQC2,2025-03-17 22:52:04.384,72.0
8ILNGMIF,2025-03-17 22:52:04.458,61.0
O7LP2B2E,2025-03-17 22:52:04.512,61.0
F1F76LY3,2025-03-17 22:52:04.576,61.0
VHQ4Q2W4,2025-03-17 22:52:04.640,64.0
PUBOAIZT,2025-03-17 22:52:04.707,63.0
C47KLLKT,2025-03-17 22:52:04.766,67.0
MI0VXGZX,2025-03-17 22:52:04.830,71.0
RJ42QUND,2025-03-17 22:52:04.893,78.0
T6Q4KO2U,2025-03-17 22:52:04.956,65.0
RYFU6UW0,2025-03-17 22:52:05.020,72.0
MOAJ2IOB,2025-03-17 22:52:05.083,62.0
Q3XQVAYX,2025-03-17 22:52:05.146,79.0
OS175CS5,2025-03-17 22:52:05.211,65.0
Z73WOMMG,2025-03-17 22:52:05.273,62.0
H9V5357U,2025-03-17 22:52:05.337,65.0
9SNZCRI1,2025-03-17 22:52:05.400,65.0
FMT38XB6,2025-03-17 22:52:05.465,64.0
XFOLHOIZ,2025-03-17 22:52:05.528,62.0
